# 国名を置く「本国」の地点(経度,緯度)。その地点を含む部分の真ん中に国名・クイズのピンを置く。
# 書いていない勢力は、いちばん大きい部分に置く(植民地の方が本国より大きいと、植民地に国名が出てしまう)。
イギリス(連合王国)	-1.5,52.5
グレートブリテン王国	-1.5,52.5
イングランド王国	-1.5,52.5
フランス	2.4,46.8
フランス王国	2.4,46.8
フランス(第一共和政)	2.4,46.8
フランス(総裁政府)	2.4,46.8
フランス(統領政府)	2.4,46.8
フランス第一帝政	2.4,46.8
フランス(復古王政・七月王政)	2.4,46.8
フランス(第二共和政)	2.4,46.8
フランス第二帝政	2.4,46.8
フランス(第三共和政)	2.4,46.8
フランス(第四共和政)	2.4,46.8
デンマーク	9.3,56.0
デンマーク王国	9.3,56.0
デンマーク=ノルウェー	9.3,56.0
北海帝国(クヌート)	9.3,56.0
オランダ	5.5,52.2
オランダ(ネーデルラント連邦共和国)	5.5,52.2
ポルトガル王国	-8.2,39.6
ポルトガル(第一共和政)	-8.2,39.6
ポルトガル(エスタド・ノヴォ)	-8.2,39.6
ポルトガル	-8.2,39.6
スペイン王国	-3.7,40.2
スペイン	-3.7,40.2
スペイン(第二共和政)	-3.7,40.2
スペイン(フランコ政権)	-3.7,40.2
イタリア王国	12.5,42.8
ドイツ帝国	10.4,51.2
ベルギー	4.6,50.6
大日本帝国	138.3,36.3
アメリカ合衆国	-98.5,39.5
