問題	答え	ジャンル	難易度	解説	答えの種類	場所	選択肢
1956年に80番目の国連加盟国となり、安保理非常任理事国には加盟国最多の12回選ばれている国はどこ？	日本/にほん/にっぽん	国連加盟国 東アジア 国際機関	2	2023〜24年の任期が12回目で、非常任理事国の選出回数は加盟国中最多である。	国名		
1975年に活動を始めた国連の学術研究機関、国連大学が本部を置く国はどこ？	日本/にほん/にっぽん	国連加盟国 東アジア 国際機関	3	本部は東京都渋谷区にある。	国名		
1991年から2000年まで国連難民高等弁務官を務めた緒方貞子の出身国はどこ？	日本/にほん/にっぽん	国連加盟国 東アジア 国際機関	2	緒方貞子は女性として初めて国連難民高等弁務官に就任した。	国名		
国連総会決議2758号、通称アルバニア決議によって1971年に国連での代表権を得た国はどこ？	中国/ちゅうごく/中華人民共和国	国連加盟国 東アジア 歴史	3	それまで中華民国が持っていた安保理常任理事国の議席も引き継いだ。	国名		
国土が東西約5000kmに及ぶにもかかわらず、全土で単一の標準時を用いる国はどこ？	中国/ちゅうごく/中華人民共和国	国連加盟国 東アジア 地理	3	全土が北京時間で統一されており、西部の新疆では非公式に2時間遅い新疆時間も使われる。	国名		
陸続きで国境を接する国の数が14か国で、ロシアと並んで世界最多の国はどこ？	中国/ちゅうごく/中華人民共和国	国連加盟国 東アジア 地理	3	北朝鮮、モンゴル、インド、ベトナムなど14か国と接している。	国名		
設備容量2250万kWを誇る世界最大の水力発電所、三峡ダムがある国はどこ？	中国/ちゅうごく/中華人民共和国	国連加盟国 東アジア 経済	2	長江の湖北省宜昌市にあり、2012年に全面稼働した。	国名		
冷戦下で長く加盟がかなわず、1991年に北朝鮮と同時に国連へ加盟した国のうち、首都をソウルに置く国はどこ？	韓国/かんこく/大韓民国	国連加盟国 東アジア 歴史	2	1991年9月の国連総会で、南北が同時に加盟を承認された。	国名		
2007年から2016年まで第8代国連事務総長を務めた潘基文の出身国はどこ？	韓国/かんこく/大韓民国	国連加盟国 東アジア 国際機関	2	アジア出身の事務総長としてはウ・タントに次ぐ2人目である。	国名		
1988年に夏季、2018年に冬季のオリンピックを開催した国はどこ？	韓国/かんこく/大韓民国	国連加盟国 東アジア スポーツ	2	夏季はソウル、冬季は平昌で開催された。	国名		
国連気候変動枠組条約のもとで設立された緑の気候基金（GCF）が、事務局を置く国はどこ？	韓国/かんこく/大韓民国	国連加盟国 東アジア 国際機関	4	事務局は仁川広域市の松島（ソンド）国際都市にある。	国名		
国の最高峰が白頭山で、2003年に核拡散防止条約（NPT）からの脱退を表明した国はどこ？	北朝鮮/きたちょうせん/朝鮮民主主義人民共和国	国連加盟国 東アジア 政治	3	白頭山は中国との国境にそびえる火山で、中国名は長白山である。	国名		
金日成の生年1912年を元年とする独自の紀年法、主体年号を1997年に導入した国はどこ？	北朝鮮/きたちょうせん/朝鮮民主主義人民共和国	国連加盟国 東アジア 文化	4	1912年を主体1年として数える。	国名		
2018年、シンガポールのセントーサ島でアメリカと史上初の首脳会談を行った国はどこ？	北朝鮮/きたちょうせん/朝鮮民主主義人民共和国	国連加盟国 東アジア 政治	2	金正恩とトランプ大統領が会談し、共同声明に署名した。	国名		
1992年に自国の非核兵器地位を宣言し、国連総会でも一国単独の非核地位が認められた国はどこ？	モンゴル	国連加盟国 東アジア 政治	4	1998年の国連総会決議で、その国際的地位が歓迎された。	国名		
遊牧民の移動式住居ゲルで知られ、首都が世界で最も寒い首都とされる国はどこ？	モンゴル	国連加盟国 東アジア 地理	2	首都ウランバートルの年平均気温は0℃を下回る。	国名		
海に面していない内陸国のうち、カザフスタンに次いで世界で2番目に面積が大きい国はどこ？	モンゴル	国連加盟国 東アジア 地理	3	面積は約156万平方kmで、日本の約4倍である。	国名		
国名が16世紀のスペイン王子フェリペ（のちのフェリペ2世）に由来する、約7600の島からなる国はどこ？	フィリピン	国連加盟国 東南アジア 歴史	2	1543年にスペインの探検隊が王子にちなんで命名した。	国名		
アジア開発銀行（ADB）が本部を置いている国はどこ？	フィリピン	国連加盟国 東南アジア 国際機関	3	本部はマニラ首都圏のマンダルヨン市にあり、歴代総裁はすべて日本人である。	国名		
1986年、ピープルパワー革命によってマルコス政権が倒れた国はどこ？	フィリピン	国連加盟国 東南アジア 歴史	2	後任のコラソン・アキノはアジア初の女性大統領となった。	国名		
1986年からドイモイ（刷新）政策を進め、国土が南北に細長いS字形をした国はどこ？	ベトナム	国連加盟国 東南アジア 経済	2	ドイモイは市場経済の導入と対外開放を柱とする政策である。	国名		
ロブスタ種を中心に、コーヒー豆の生産量がブラジルに次いで世界第2位の国はどこ？	ベトナム	国連加盟国 東南アジア 経済	3	中部高原を中心に、主にインスタントコーヒー向けのロブスタ種が栽培されている。	国名		
1954年のディエンビエンフーの戦いで、フランス軍を破った国はどこ？	ベトナム	国連加盟国 東南アジア 歴史	3	この敗北を受けてジュネーヴ協定が結ばれ、フランスはインドシナから撤退した。	国名		
ASEAN加盟国のなかで唯一、海に面していない国はどこ？	ラオス	国連加盟国 東南アジア 地理	2	中国、ミャンマー、タイ、カンボジア、ベトナムの5か国に囲まれている。	国名		
仏教寺院とフランス植民地期の建築が残る旧王都ルアンパバーンの町並みが世界遺産に登録されている国はどこ？	ラオス	国連加盟国 東南アジア 文化	3	1995年に世界文化遺産に登録された。	国名		
2021年、中国の昆明と自国の首都を結ぶ鉄道が開通した東南アジアの内陸国はどこ？	ラオス	国連加盟国 東南アジア 経済	3	中国の一帯一路構想の一環として建設された。	国名		
国旗の中央に寺院遺跡アンコール・ワットが描かれている国はどこ？	カンボジア	国連加盟国 東南アジア 国旗	2	12世紀に建立されたヒンドゥー寺院で、のちに仏教寺院となった。	国名		
1970年代後半、ポル・ポト率いるクメール・ルージュの政権下で大量虐殺が起きた国はどこ？	カンボジア	国連加盟国 東南アジア 歴史	2	1975年から79年にかけて、多くの国民が処刑や強制労働で命を落とした。	国名		
1992年から93年にかけて、日本の自衛隊が初めて国連平和維持活動（PKO）に参加した国はどこ？	カンボジア	国連加盟国 東南アジア 日本との関係	3	国連カンボジア暫定統治機構（UNTAC）の下で、道路や橋の補修にあたった。	国名		
東南アジアで唯一、欧米列強の植民地支配を受けずに独立を保った国はどこ？	タイ	国連加盟国 東南アジア 歴史	2	英領ビルマと仏領インドシナの緩衝地帯として独立を維持した。	国名		
1782年に成立したチャクリー王朝が現在まで続いている国はどこ？	タイ	国連加盟国 東南アジア 歴史	3	現国王ワチラロンコンはラーマ10世にあたる。	国名		
首都の正式名称が世界最長の地名としてギネス世界記録に認定されている国はどこ？	タイ	国連加盟国 東南アジア 文化	3	首都バンコクは現地でクルンテープと略して呼ばれる。	国名		
1997年、通貨バーツの暴落をきっかけにアジア通貨危機が始まった国はどこ？	タイ	国連加盟国 東南アジア 経済	3	危機は韓国やインドネシアなど周辺国へ広がった。	国名		
2000年代半ばに、首都をヤンゴンから内陸の新都市ネピドーへ移した国はどこ？	ミャンマー	国連加盟国 東南アジア 地理	3	2005年に政府機能の移転が始まり、翌年に正式に首都と命名された。	国名		
1961年から71年まで第3代国連事務総長を務めたウ・タントの出身国はどこ？	ミャンマー	国連加盟国 東南アジア 国際機関	3	アジア出身者として初の国連事務総長である。	国名		
高さ約100mの黄金の仏塔シュエダゴン・パゴダがある国はどこ？	ミャンマー	国連加盟国 東南アジア 文化	3	ヤンゴンにある同国仏教の聖地である。	国名		
9つの州の世襲君主が互選により5年ごとに国王を選ぶ、独特の立憲君主制をとる国はどこ？	マレーシア	国連加盟国 東南アジア 政治	4	統治者会議による選挙で、事実上の輪番制となっている。	国名		
マハティール首相が、日本や韓国の勤労倫理に学ぶルックイースト政策を掲げた国はどこ？	マレーシア	国連加盟国 東南アジア 日本との関係	3	1980年代初めに提唱され、多くの留学生や研修生が日本へ派遣された。	国名		
高さ452mのペトロナス・ツインタワーがそびえる国はどこ？	マレーシア	国連加盟国 東南アジア 文化	2	1998年の完成から2004年まで世界一高いビルだった。	国名		
1965年にマレーシアから分離独立した都市国家はどこ？	シンガポール	国連加盟国 東南アジア 歴史	2	初代首相リー・クアンユーのもとで経済発展を遂げた。	国名		
国語はマレー語だが、英語・中国語・タミル語もあわせた4言語を公用語とする国はどこ？	シンガポール	国連加盟国 東南アジア 文化	3	国歌もマレー語で歌われる。	国名		
1992年からチューインガムの輸入・販売を原則として禁止している国はどこ？	シンガポール	国連加盟国 東南アジア 文化	2	2004年以降、医療用ガムに限り薬局での販売が認められている。	国名		
約1万7000の島々からなり、イスラム教徒の人口が世界で最も多い国はどこ？	インドネシア	国連加盟国 東南アジア 地理	2	人口は約2億8000万人で世界第4位である。	国名		
1955年に第1回アジア・アフリカ会議が開かれ、平和十原則が採択された国はどこ？	インドネシア	国連加盟国 東南アジア 歴史	3	会場となった都市の名からバンドン会議とも呼ばれる。	国名		
ジャワ島中部に世界最大級の仏教遺跡ボロブドゥールがある国はどこ？	インドネシア	国連加盟国 東南アジア 文化	2	8〜9世紀にシャイレーンドラ朝のもとで建造された。	国名		
1965年に国連からの脱退を表明し翌年に復帰した、国連史上唯一の例となった国はどこ？	インドネシア	国連加盟国 東南アジア 国際機関	4	マレーシアの安保理非常任理事国入りに反発したスカルノ政権が脱退を表明した。	国名		
国王が首相や国防相なども兼ねる、ボルネオ島北部の君主国はどこ？	ブルネイ	国連加盟国 東南アジア 政治	3	石油と天然ガスの収入により、個人所得税が課されない。	国名		
国土が東西2つに分かれ、その間をマレーシアのサラワク州が隔てている国はどこ？	ブルネイ	国連加盟国 東南アジア 地理	4	両地域を隔てるのはサラワク州のリンバン地区である。	国名		
1984年にイギリスから完全独立し、同年ASEANに6番目の加盟国として加わった国はどこ？	ブルネイ	国連加盟国 東南アジア 歴史	3	原加盟国5か国に次ぐ最初の新規加盟国となった。	国名		
2002年に独立し、21世紀最初の独立国となった国はどこ？	東ティモール/ひがしティモール/ティモール・レステ	国連加盟国 東南アジア 歴史	2	1999年の国連主導の住民投票を経て、インドネシアから独立した。	国名		
かつてポルトガル領で、ポルトガル語とテトゥン語を公用語とする国はどこ？	東ティモール/ひがしティモール/ティモール・レステ	国連加盟国 東南アジア 文化	3	アジアでは珍しく国民の大多数がカトリック教徒である。	国名		
2025年10月、ASEANの11番目の加盟国となった国はどこ？	東ティモール/ひがしティモール/ティモール・レステ	国連加盟国 東南アジア 政治	3	クアラルンプールでの首脳会議で加盟が正式に決まり、1999年以来の拡大となった。	国名		
国民の約8割がヒンドゥー教徒で、2023年に人口が中国を上回り世界最多となった国はどこ？	インド	国連加盟国 南アジア 地理	2	国連の推計で2023年に中国を上回ったとされた。	国名		
連邦公用語はヒンディー語で、憲法第8附則に22の言語が指定されている国はどこ？	インド	国連加盟国 南アジア 文化	4	英語は準公用語として広く用いられている。	国名		
2023年、探査機チャンドラヤーン3号で月の南極付近への着陸に世界で初めて成功した国はどこ？	インド	国連加盟国 南アジア 科学	3	月面着陸としては旧ソ連、アメリカ、中国に次ぐ4か国目である。	国名		
誕生日の10月2日が国連の国際非暴力デーに定められた、非暴力運動の指導者ガンディーの出身国はどこ？	インド	国連加盟国 南アジア 国際機関	3	2007年の国連総会決議で制定された。	国名		
1947年の分離独立時、国土がインドを挟んで東西2つに分かれていた国はどこ？	パキスタン	国連加盟国 南アジア 歴史	2	東側の地域は1971年にバングラデシュとして独立した。	国名		
世界第2位の高峰K2が、中国との国境にそびえる国はどこ？	パキスタン	国連加盟国 南アジア 地理	3	K2の標高は8611mで、カラコルム山脈にある。	国名		
2014年、史上最年少の17歳でノーベル平和賞を受賞したマララ・ユスフザイの出身国はどこ？	パキスタン	国連加盟国 南アジア 政治	2	女子教育の権利を訴え、タリバンに銃撃されながらも活動を続けた。	国名		
1971年の独立戦争を経て、パキスタンから分離独立した国はどこ？	バングラデシュ	国連加盟国 南アジア 歴史	2	独立前は東パキスタンと呼ばれていた。	国名		
グラミン銀行を創設し、2006年にノーベル平和賞を受賞したムハマド・ユヌスの出身国はどこ？	バングラデシュ	国連加盟国 南アジア 経済	2	貧困層に無担保で少額を融資するマイクロクレジットを広めた。	国名		
世界最大級のマングローブ林シュンドルボンの大半を国土に持つ国はどこ？	バングラデシュ	国連加盟国 南アジア 自然	4	残りはインドの西ベンガル州にあり、ベンガルトラの生息地として知られる。	国名		
1960年、シリマヴォ・バンダラナイケが世界初の女性首相に就任した国はどこ？	スリランカ	国連加盟国 南アジア 政治	3	当時の国名はセイロンで、1972年に現在の国名となった。	国名		
首都の名をスリジャヤワルダナプラコッテといい、セイロンティーの産地として知られる国はどこ？	スリランカ	国連加盟国 南アジア 地理	2	最大都市は旧首都のコロンボである。	国名		
1951年のサンフランシスコ講和会議で、代表のジャヤワルダナが対日賠償請求の放棄を表明した国はどこ？	スリランカ	国連加盟国 南アジア 日本との関係	4	憎しみは憎しみによってやむことはないという仏陀の言葉を引いた演説で知られる。	国名		
国旗が国連加盟国で唯一、四角形でない国はどこ？	ネパール	国連加盟国 南アジア 国旗	2	2つの三角形を重ねた形で、上に月、下に太陽が描かれている。	国名		
仏教の開祖ゴータマ・シッダールタの生誕地とされるルンビニがある国はどこ？	ネパール	国連加盟国 南アジア 文化	3	ルンビニは1997年に世界遺産に登録された。	国名		
2008年に王制を廃止し、連邦民主共和制へ移行したヒマラヤの国はどこ？	ネパール	国連加盟国 南アジア 政治	3	約240年続いたシャハ王朝が幕を閉じた。	国名		
国民総生産ではなく国民総幸福量（GNH）を国づくりの指標に掲げる国はどこ？	ブータン	国連加盟国 南アジア 政治	2	1970年代に第4代国王が提唱した。	国名		
国旗に雷竜ドゥクが描かれ、2008年の初の総選挙を経て立憲君主制へ移行した国はどこ？	ブータン	国連加盟国 南アジア 政治	3	国名の現地語名ドゥク・ユルは雷竜の国を意味する。	国名		
国土の6割以上を森林として永久に維持することを憲法で定めている国はどこ？	ブータン	国連加盟国 南アジア 自然	4	森林の吸収量が排出量を上回るカーボンネガティブの国として知られる。	国名		
2009年、閣僚が潜水装備を着けて海中で閣議を開き、気候変動の危機を訴えた国はどこ？	モルディブ	国連加盟国 南アジア 政治	4	海面上昇で国土が失われる危機を世界にアピールした。	国名		
約1200の島々からなり、国内の最高地点でも標高約2.4mしかない国はどこ？	モルディブ	国連加盟国 南アジア 地理	3	世界で最も平坦な国とされる。	国名		
インド洋に浮かぶ島国で、首都をマレに置き国民のほぼ全員がイスラム教徒の国はどこ？	モルディブ	国連加盟国 南アジア 地理	2	環礁の美しさからリゾート地として人気が高い。	国名		
2001年、タリバンによってバーミヤンの大仏が破壊された国はどこ？	アフガニスタン	国連加盟国 南アジア 歴史	2	破壊された2体の大仏は6世紀頃に造られたとされる。	国名		
パシュトー語とダリー語を公用語とする内陸国はどこ？	アフガニスタン	国連加盟国 南アジア 文化	4	ダリー語はペルシア語の一種である。	国名		
国の北東部から中国との国境へ向けて、細長いワハーン回廊が延びる国はどこ？	アフガニスタン	国連加盟国 南アジア 地理	4	19世紀に英露の勢力圏の緩衝地帯として設けられた。	国名		
内陸国として世界最大の面積を持つ国はどこ？	カザフスタン	国連加盟国 中央アジア 地理	2	面積は約272万平方kmで世界第9位。西部はカスピ海に面するが、カスピ海は外洋につながっていないため内陸国に数えられる。	国名		
ソ連時代にバイコヌール宇宙基地が建設され、現在もロシアがこれを租借している国はどこ？	カザフスタン	国連加盟国 中央アジア 科学	3	1961年、ガガーリンを乗せたボストーク1号もここから打ち上げられた。	国名		
1997年に首都をアルマトイから北部の都市（現アスタナ）へ移した国はどこ？	カザフスタン	国連加盟国 中央アジア 地理	3	首都名は2019年にヌルスルタンへ変わり、2022年にアスタナへ戻された。	国名		
海に出るまでに2つ以上の国を通過しなければならない二重内陸国のうち、中央アジアにある国はどこ？	ウズベキスタン	国連加盟国 中央アジア 地理	3	二重内陸国は世界にこの国とリヒテンシュタインの2か国しかない。	国名		
青の都と称されるサマルカンドがある国はどこ？	ウズベキスタン	国連加盟国 中央アジア 文化	2	ティムール朝の首都として栄え、青いタイルのモスクが並ぶ。	国名		
第二次世界大戦後、日本人抑留者が建設に携わったナヴォイ劇場が首都にある国はどこ？	ウズベキスタン	国連加盟国 中央アジア 日本との関係	4	1966年のタシケント地震でも倒壊せず、日本人の仕事ぶりが称えられた。	国名		
天然ガス採掘中の事故で生じ、半世紀以上燃え続ける地獄の門と呼ばれるクレーターがある国はどこ？	トルクメニスタン	国連加盟国 中央アジア 自然	3	カラクム砂漠のダルヴァザ近郊にあり、1971年頃から燃え続けている。	国名		
1995年、国連総会で永世中立国としての地位が承認された国はどこ？	トルクメニスタン	国連加盟国 中央アジア 政治	4	承認された12月12日は同国の中立記念日となっている。	国名		
首都が白い大理石の建物の密集度でギネス世界記録に認定されている国はどこ？	トルクメニスタン	国連加盟国 中央アジア 文化	4	首都アシガバットは2013年に認定を受けた。	国名		
国旗の中央に、遊牧民の移動式住居の天窓トゥンドゥクが描かれている国はどこ？	キルギス/キルギス共和国	国連加盟国 中央アジア 国旗	4	赤地に40本の光線を放つ太陽とともに描かれている。	国名		
天山山脈に囲まれ、冬でも凍らない高山湖イシク・クル湖がある国はどこ？	キルギス/キルギス共和国	国連加盟国 中央アジア 自然	4	湖水がわずかに塩分を含み水深も深いため、冬でも凍らない。	国名		
2005年のチューリップ革命で長期政権が倒れた中央アジアの国はどこ？	キルギス/キルギス共和国	国連加盟国 中央アジア 政治	4	独立以来のアカエフ大統領が退陣した。	国名		
旧ソ連の最高峰で、かつて共産主義峰と呼ばれたイスモイル・ソモニ峰がある国はどこ？	タジキスタン	国連加盟国 中央アジア 地理	4	標高は7495mで、世界の屋根と呼ばれるパミール高原にそびえる。	国名		
中央アジア5か国で唯一、ペルシア語系の言語を国語とする国はどこ？	タジキスタン	国連加盟国 中央アジア 文化	3	ほかの4か国はテュルク系の言語を国語としている。	国名		
完成すれば高さ約335mで世界一高いダムとなるログン・ダムを建設中の国はどこ？	タジキスタン	国連加盟国 中央アジア 経済	4	ヴァフシュ川に建設されている。	国名		
1979年のイスラム革命でパフレヴィー朝が倒れた国はどこ？	イラン	国連加盟国 中東 歴史	2	ホメイニが最高指導者となり、イスラム共和制が樹立された。	国名		
アケメネス朝ペルシアの都ペルセポリスの遺跡がある国はどこ？	イラン	国連加盟国 中東 歴史	2	紀元前6世紀末にダレイオス1世が建設を始めた。	国名		
1935年に、対外的な国名をペルシアから現在の名称へ改めた国はどこ？	イラン	国連加盟国 中東 歴史	3	新しい国名はアーリア人の国を意味する。	国名		
カタールと共有する世界最大級のガス田のうち、自国側をサウスパース・ガス田と呼ぶ国はどこ？	イラン	国連加盟国 中東 経済	4	カタール側はノースドーム・ガス田と呼ばれる。	国名		
チグリス川とユーフラテス川に挟まれ、古代メソポタミア文明が栄えた地にある国はどこ？	イラク	国連加盟国 中東 歴史	2	メソポタミアはギリシャ語で川の間の土地を意味する。	国名		
1990年にクウェートへ侵攻し、翌年の湾岸戦争を招いた国はどこ？	イラク	国連加盟国 中東 歴史	2	当時の大統領はサダム・フセインである。	国名		
2019年、古代都市バビロンの遺跡が世界遺産に登録された国はどこ？	イラク	国連加盟国 中東 歴史	3	ハンムラビ王やネブカドネザル2世の時代に栄えた都である。	国名		
2011年に内戦が始まり、2024年12月にアサド政権が崩壊した国はどこ？	シリア	国連加盟国 中東 政治	2	アサド家による統治は父子2代で50年以上に及んだ。	国名		
シルクロードの隊商都市として栄えたパルミラの遺跡がある国はどこ？	シリア	国連加盟国 中東 歴史	3	内戦中に過激派組織によって遺跡の一部が破壊された。	国名		
1958年から61年まで、エジプトと合邦してアラブ連合共和国を構成した国はどこ？	シリア	国連加盟国 中東 歴史	4	エジプトのナセル大統領のもとで統合されたが、3年余りで解消された。	国名		
国旗の中央に杉の木が描かれた、地中海東岸の国はどこ？	レバノン	国連加盟国 中東 国旗	2	描かれているのは古代から良質な木材として知られたレバノンスギである。	国名		
大統領はキリスト教マロン派、首相はイスラム教スンニ派から選ぶ慣行がある国はどこ？	レバノン	国連加盟国 中東 政治	4	国会議長はシーア派から選ばれ、宗派間で権力を分け合っている。	国名		
2019年末、保釈中のカルロス・ゴーンが日本から逃亡した先の国はどこ？	レバノン	国連加盟国 中東 日本との関係	2	日本とこの国の間には犯罪人引渡し条約がない。	国名		
ナバテア人が岩を削って築いた都市遺跡ペトラがある国はどこ？	ヨルダン	国連加盟国 中東 歴史	2	映画『インディ・ジョーンズ／最後の聖戦』のロケ地としても知られる。	国名		
紅海のアカバ湾を唯一の海への出口とし、死海にも面する王国はどこ？	ヨルダン	国連加盟国 中東 地理	3	アカバ湾に面した海岸線は約26kmしかない。	国名		
1994年、エジプトに次いでアラブ諸国で2番目にイスラエルと平和条約を結んだ国はどこ？	ヨルダン	国連加盟国 中東 政治	3	預言者ムハンマドの血を引くとされるハーシム家が国王を務める。	国名		
1948年に建国され、ヘブライ語を公用語とする国はどこ？	イスラエル	国連加盟国 中東 歴史	2	ヘブライ語は日常語として使われなくなった後、近代に復活した言語である。	国名		
集団で生活し労働する農業共同体キブツで知られる国はどこ？	イスラエル	国連加盟国 中東 文化	3	キブツはヘブライ語で集団を意味する。	国名		
1967年の第三次中東戦争で、シナイ半島やゴラン高原を占領した国はどこ？	イスラエル	国連加盟国 中東 歴史	3	6日間で終わったことから六日戦争とも呼ばれる。	国名		
国名に王家の名を冠し、イスラム教の二大聖地メッカとメディナを擁する国はどこ？	サウジアラビア	国連加盟国 中東 政治	2	国名はサウード家のアラビアを意味する。	国名		
2018年、女性の自動車運転が解禁された国はどこ？	サウジアラビア	国連加盟国 中東 政治	2	世界で唯一女性の運転を禁じていた国だった。	国名		
世界最大の砂砂漠ルブアルハリ砂漠の大部分を国土に含む国はどこ？	サウジアラビア	国連加盟国 中東 地理	3	ルブアルハリはアラビア語で空白の地域を意味する。	国名		
7つの首長国で構成される連邦国家はどこ？	アラブ首長国連邦/UAE	国連加盟国 中東 政治	2	アブダビ、ドバイなど7首長国からなり、首都はアブダビである。	国名		
高さ828mの世界一高いビル、ブルジュ・ハリファがある国はどこ？	アラブ首長国連邦/UAE	国連加盟国 中東 文化	2	ドバイにあり、2010年に開業した。	国名		
2020年に日本のH-IIAロケットで火星探査機HOPEを打ち上げ、アラブ諸国で初めて火星周回軌道への投入に成功した国はどこ？	アラブ首長国連邦/UAE	国連加盟国 中東 科学	3	種子島宇宙センターから打ち上げられ、2021年2月に火星周回軌道に入った。	国名		
2022年、中東で初めてサッカーW杯を開催した国はどこ？	カタール	国連加盟国 中東 スポーツ	2	暑さを避けるため、史上初めて11月から12月にかけて開催された。	国名		
衛星テレビ局アルジャジーラが本拠を置く国はどこ？	カタール	国連加盟国 中東 文化	3	1996年に首都ドーハで開局した。	国名		
2019年にOPECを脱退し、液化天然ガスの生産に注力した国はどこ？	カタール	国連加盟国 中東 経済	3	LNGの輸出量で世界トップクラスを占める。	国名		
サウジアラビアとキング・ファハド・コーズウェーで結ばれたペルシア湾の島国はどこ？	バーレーン	国連加盟国 中東 地理	3	全長約25kmの橋と堤防で、1986年に開通した。	国名		
2004年から中東で初めてF1グランプリを開催している国はどこ？	バーレーン	国連加盟国 中東 スポーツ	3	会場はサヒール市のバーレーン・インターナショナル・サーキットである。	国名		
古代にディルムン文明の中心地として海上交易で栄えた、ペルシア湾の島国はどこ？	バーレーン	国連加盟国 中東 歴史	4	メソポタミアとインダス文明を結ぶ中継地だった。	国名		
1990年にイラクに侵攻・併合され、翌年の湾岸戦争で解放された国はどこ？	クウェート	国連加盟国 中東 歴史	2	多国籍軍による砂漠の嵐作戦で解放された。	国名		
自国通貨ディナールが、通貨単位あたりの価値で世界最高とされる国はどこ？	クウェート	国連加盟国 中東 経済	3	1ディナールは3米ドル以上に相当する。	国名		
湾岸戦争後に米紙へ出した感謝広告で、多額の資金を拠出した日本の名を挙げなかった国はどこ？	クウェート	国連加盟国 中東 日本との関係	4	この出来事は、日本が国際貢献のあり方を見直すきっかけとなった。	国名		
アラビア半島の南東端にあり、ホルムズ海峡に突き出たムサンダム半島を飛び地として持つ国はどこ？	オマーン	国連加盟国 中東 地理	4	ムサンダム半島は本土とアラブ首長国連邦によって隔てられている。	国名		
古くから乳香の産地として知られ、首都をマスカットに置く国はどこ？	オマーン	国連加盟国 中東 地理	3	乳香の交易路に関わる遺跡群が世界遺産に登録されている。	国名		
2020年、約50年にわたり在位したカブース国王が死去した国はどこ？	オマーン	国連加盟国 中東 政治	4	1970年に即位し、近代化を推し進めた。	国名		
コーヒーの銘柄モカの名の由来となった港町がある国はどこ？	イエメン	国連加盟国 中東 経済	3	モカ港はかつてコーヒー豆の積出港として栄えた。	国名		
泥レンガの高層住宅が立ち並び、砂漠の摩天楼と呼ばれる都市シバームがある国はどこ？	イエメン	国連加盟国 中東 文化	4	16世紀に築かれた城壁都市で、世界遺産に登録されている。	国名		
1990年に南北が統一された、アラビア半島南西端の国はどこ？	イエメン	国連加盟国 中東 歴史	3	北イエメンと社会主義国の南イエメンが合併した。	国名		
ボスポラス海峡を挟んで、アジアとヨーロッパにまたがる国はどこ？	トルコ/テュルキエ	国連加盟国 中東 地理	2	最大都市イスタンブールは両大陸にまたがっている。	国名		
1923年、ケマル・アタテュルクが共和国を樹立した国はどこ？	トルコ/テュルキエ	国連加盟国 中東 歴史	2	アタテュルクは父なるトルコ人を意味する称号である。	国名		
1890年に和歌山県串本町沖で遭難したオスマン帝国の軍艦、エルトゥールル号の母国はどこ？	トルコ/テュルキエ	国連加盟国 中東 日本との関係	3	地元住民による救助活動が、両国の友好の礎とされている。	国名		
2022年、国連での自国の英語表記を、自国語の発音に近い表記へ変更した国はどこ？	トルコ/テュルキエ	国連加盟国 中東 国際機関	3	英語表記がTurkeyからTürkiyeに変わった。	国名		
国旗に国土の形が描かれた、地中海東部の島国はどこ？	キプロス	国連加盟国 ヨーロッパ 国旗	3	島の形の下に、平和を象徴するオリーブの枝が描かれている。	国名		
1974年以降、北部をトルコ系住民が実効支配し、島が南北に分断されている国はどこ？	キプロス	国連加盟国 ヨーロッパ 政治	3	北部の北キプロス・トルコ共和国を承認しているのはトルコだけである。	国名		
ギリシャ神話の女神アフロディーテが誕生した地とされる島を国土とする国はどこ？	キプロス	国連加盟国 ヨーロッパ 文化	4	島の南西部パフォスの海岸がその地とされる。	国名		
日本政府が2015年に国名の呼称を、ロシア語由来のものから英語由来のものへ変更したコーカサスの国はどこ？	ジョージア	国連加盟国 コーカサス 政治	3	それまで日本ではグルジアと呼ばれていた。	国名		
クヴェヴリと呼ばれる甕を使う伝統的なワイン醸造法が、ユネスコ無形文化遺産に登録された国はどこ？	ジョージア	国連加盟国 コーカサス 文化	4	約8000年前のワイン醸造の痕跡が見つかっている。	国名		
ソ連の指導者スターリンの出身国はどこ？	ジョージア	国連加盟国 コーカサス 歴史	3	スターリンは中部の町ゴリで生まれた。	国名		
301年に世界で初めてキリスト教を国教とした国はどこ？	アルメニア	国連加盟国 コーカサス 歴史	3	伝承による年代で、ローマ帝国の国教化より早い。	国名		
国の象徴とされるアララト山が、現在は隣国トルコの領土にある国はどこ？	アルメニア	国連加盟国 コーカサス 地理	4	首都エレバンからよく見え、国章にも描かれている。	国名		
5世紀初めにメスロプ・マシュトツが考案したとされる独自の文字を使う国はどこ？	アルメニア	国連加盟国 コーカサス 文化	4	アルメニア文字は現在も公用文字として使われている。	国名		
20世紀初頭には世界の石油生産の約半分を担ったとされる、カスピ海西岸の国はどこ？	アゼルバイジャン	国連加盟国 コーカサス 経済	4	首都バクー周辺の油田で、ノーベル兄弟も石油事業を営んだ。	国名		
本土とアルメニアで隔てられた飛び地、ナヒチェヴァン自治共和国を持つ国はどこ？	アゼルバイジャン	国連加盟国 コーカサス 地理	4	ナヒチェヴァンはトルコ、イランとも国境を接している。	国名		
2024年に国連気候変動枠組条約の第29回締約国会議（COP29）を開催した国はどこ？	アゼルバイジャン	国連加盟国 コーカサス 国際機関	3	首都バクーで開かれ、途上国向け気候資金の新たな目標が合意された。	国名		
930年に創設され、現存する世界最古の議会の一つとされるアルシングを持つ国はどこ？	アイスランド	国連加盟国 ヨーロッパ 政治	3	創設の地シンクヴェトリルは世界遺産に登録されている。	国名		
NATOの原加盟国でありながら、常備軍を持たない国はどこ？	アイスランド	国連加盟国 ヨーロッパ 政治	4	沿岸警備隊が防衛の一部を担っている。	国名		
1980年、ヴィグディス・フィンボガドゥティルが世界で初めて民主的な選挙で選ばれた女性大統領となった国はどこ？	アイスランド	国連加盟国 ヨーロッパ 政治	3	4期16年にわたって大統領を務めた。	国名		
ノーベル賞のうち、平和賞の授賞式だけが行われる国はどこ？	ノルウェー	国連加盟国 ヨーロッパ 文化	3	首都オスロで行われ、ほかの部門はスウェーデンのストックホルムで授与される。	国名		
1946年に初代国連事務総長に就任したトリグブ・リーの出身国はどこ？	ノルウェー	国連加盟国 ヨーロッパ 国際機関	3	朝鮮戦争への国連の対応を主導した。	国名		
北極圏のスバールバル諸島に、世界中の作物の種子を保管する世界種子貯蔵庫を置く国はどこ？	ノルウェー	国連加盟国 ヨーロッパ 自然	3	永久凍土の地下に造られ、2008年に稼働を始めた。	国名		
1953年から61年まで第2代国連事務総長を務めたダグ・ハマーショルドの出身国はどこ？	スウェーデン	国連加盟国 ヨーロッパ 国際機関	3	在任中にコンゴ動乱の調停に向かう途中、航空機事故で死去した。	国名		
1972年、国連として初めて環境問題を主題とした国連人間環境会議が首都で開かれた国はどこ？	スウェーデン	国連加盟国 ヨーロッパ 国際機関	3	会議の開幕日6月5日は世界環境デーとなった。	国名		
2024年にNATOの32番目の加盟国となった国はどこ？	スウェーデン	国連加盟国 ヨーロッパ 政治	3	200年以上続けてきた軍事的中立政策を転換した。	国名		
約18万8000の湖があるとされ、森と湖の国と呼ばれる国はどこ？	フィンランド	国連加盟国 ヨーロッパ 地理	2	国土の約7割を森林が占める。	国名		
1906年、ヨーロッパで初めて女性に参政権と被選挙権を認めた国はどこ？	フィンランド	国連加盟国 ヨーロッパ 政治	3	当時はロシア帝国の自治大公国だった。	国名		
2023年、ロシアのウクライナ侵攻を受けてNATOの31番目の加盟国となった国はどこ？	フィンランド	国連加盟国 ヨーロッパ 政治	3	ロシアと約1300kmの国境を接している。	国名		
世界最大の島グリーンランドを自治領として持つ国はどこ？	デンマーク	国連加盟国 ヨーロッパ 地理	2	グリーンランドの面積は本国の約50倍である。	国名		
国旗ダンネブロが、現在も使われている世界最古の国旗とされる国はどこ？	デンマーク	国連加盟国 ヨーロッパ 国旗	3	13世紀に天から降ってきたという伝説がある。	国名		
ブロック玩具レゴを生んだ国はどこ？	デンマーク	国連加盟国 ヨーロッパ 文化	2	社名はよく遊べを意味する言葉に由来する。	国名		
2007年、世界で初めて国政選挙でインターネット投票を実施した国はどこ？	エストニア	国連加盟国 ヨーロッパ 政治	3	電子政府の先進国として知られる。	国名		
インターネット電話サービスのSkypeが開発された、バルト三国の国はどこ？	エストニア	国連加盟国 ヨーロッパ 科学	3	開発の中心を担ったのはこの国の技術者たちだった。	国名		
バルト三国で唯一、ウラル語族の言語を公用語とする国はどこ？	エストニア	国連加盟国 ヨーロッパ 文化	4	公用語はフィンランド語に近い言語である。	国名		
バルト三国の中央に位置し、首都リガの歴史地区が世界遺産に登録されている国はどこ？	ラトビア	国連加盟国 ヨーロッパ 地理	3	リガはバルト三国で最大の都市である。	国名		
カーマインレッドと呼ばれる暗い赤と白からなる国旗の起源を、13世紀の伝承にまで遡る国はどこ？	ラトビア	国連加盟国 ヨーロッパ 国旗	4	白い布に包まれた負傷兵の血が由来とされる。	国名		
2014年、バルト三国で2番目にユーロを導入した国はどこ？	ラトビア	国連加盟国 ヨーロッパ 経済	4	エストニアは2011年、リトアニアは2015年に導入した。	国名		
1990年3月、ソ連の構成共和国として初めて独立回復を宣言した国はどこ？	リトアニア	国連加盟国 ヨーロッパ 歴史	3	ソ連が独立を承認したのは翌1991年9月だった。	国名		
第二次世界大戦中、外交官の杉原千畝がユダヤ人難民に日本通過ビザを発給したカウナスがある国はどこ？	リトアニア	国連加盟国 ヨーロッパ 日本との関係	2	発給されたビザは命のビザと呼ばれる。	国名		
バルト三国で最も南に位置し、2015年にユーロを導入した国はどこ？	リトアニア	国連加盟国 ヨーロッパ 経済	3	首都はヴィリニュスである。	国名		
1973年にECに加盟し、2020年にEUを離脱した国はどこ？	イギリス/英国	国連加盟国 ヨーロッパ 政治	2	2016年の国民投票で離脱派が過半数を占めた。	国名		
まとまった成文憲法典を持たない国として知られる、G7の国はどこ？	イギリス/英国	国連加盟国 ヨーロッパ 政治	3	マグナ・カルタや議会法、判例、慣習などが憲法の役割を果たしている。	国名		
1946年1月、第1回国連総会が開かれた国はどこ？	イギリス/英国	国連加盟国 ヨーロッパ 国際機関	4	会場はロンドンのメソジスト・セントラル・ホールだった。	国名		
経度0度の本初子午線が通るグリニッジ天文台がある国はどこ？	イギリス/英国	国連加盟国 ヨーロッパ 地理	2	1884年の国際子午線会議で本初子午線に定められた。	国名		
国の紋章にハープが用いられ、3月17日のセント・パトリックス・デーを祝う国はどこ？	アイルランド	国連加盟国 ヨーロッパ 文化	3	ハープはユーロ硬貨の国別デザインにも描かれている。	国名		
19世紀半ばのジャガイモ飢饉で、多くの人々がアメリカなどへ移民した国はどこ？	アイルランド	国連加盟国 ヨーロッパ 歴史	2	飢饉による死亡と移民で人口が大きく減少した。	国名		
1973年にイギリス、デンマークとともにECに加盟した、北大西洋の島国はどこ？	アイルランド	国連加盟国 ヨーロッパ 政治	3	EC初の拡大で3か国が同時に加盟した。	国名		
国土の約4分の1が海面より低く、干拓地ポルダーで知られる国はどこ？	オランダ	国連加盟国 ヨーロッパ 地理	2	排水のための風車が各地に建てられた。	国名		
国連の主要な司法機関、国際司法裁判所（ICJ）が置かれている国はどこ？	オランダ	国連加盟国 ヨーロッパ 国際機関	3	ハーグの平和宮に置かれている。	国名		
江戸時代の鎖国下で、ヨーロッパの国として唯一日本との貿易を許された国はどこ？	オランダ	国連加盟国 ヨーロッパ 日本との関係	2	長崎の出島に商館が置かれた。	国名		
EUの主要機関とNATOの本部がいずれも首都に置かれている国はどこ？	ベルギー	国連加盟国 ヨーロッパ 国際機関	2	首都ブリュッセルはEUの首都とも呼ばれる。	国名		
オランダ語・フランス語・ドイツ語の3言語を公用語とする国はどこ？	ベルギー	国連加盟国 ヨーロッパ 文化	3	北部はオランダ語圏、南部はフランス語圏に分かれている。	国名		
1815年、ナポレオンが敗れたワーテルローの戦いの舞台となった国はどこ？	ベルギー	国連加盟国 ヨーロッパ 歴史	3	戦場は首都ブリュッセルの南方にある。	国名		
大公を元首とする、世界で唯一の大公国はどこ？	ルクセンブルク	国連加盟国 ヨーロッパ 政治	3	1人当たりGDPが世界最高水準の国としても知られる。	国名		
2020年、世界で初めて国内の公共交通機関を全面的に無料化した国はどこ？	ルクセンブルク	国連加盟国 ヨーロッパ 政治	3	バスや鉄道、路面電車の運賃が無料となった。	国名		
EUの司法機関である欧州連合司法裁判所が置かれている国はどこ？	ルクセンブルク	国連加盟国 ヨーロッパ 国際機関	4	欧州投資銀行や欧州会計検査院もこの国に置かれている。	国名		
陸上で最も長い国境を接する相手国が、南米のブラジルである国はどこ？	フランス	国連加盟国 ヨーロッパ 地理	4	海外県のフランス領ギアナがブラジルと約730kmの国境を接している。	国名		
ユネスコ（国連教育科学文化機関）が本部を置いている国はどこ？	フランス	国連加盟国 ヨーロッパ 国際機関	3	本部は首都パリにある。	国名		
2024年、前回からちょうど100年ぶりに首都で夏季五輪を開催した国はどこ？	フランス	国連加盟国 ヨーロッパ スポーツ	2	首都での開催は1900年、1924年に続き3回目だった。	国名		
外国人旅行者の受入数が長年世界一となっている国はどこ？	フランス	国連加盟国 ヨーロッパ 経済	2	年間の受入数は約1億人に達する。	国名		
面積が約2平方kmと、国連加盟国のなかで最も小さい国はどこ？	モナコ	国連加盟国 ヨーロッパ 地理	3	国連加盟は1993年である。	国名		
1956年、ハリウッド女優のグレース・ケリーが君主と結婚し、公妃となった国はどこ？	モナコ	国連加盟国 ヨーロッパ 歴史	3	夫は大公レーニエ3世である。	国名		
1297年、修道士に変装して要塞を奪ったという逸話を持つグリマルディ家が君主を務める公国はどこ？	モナコ	国連加盟国 ヨーロッパ 歴史	4	この逸話にちなみ、国章には剣を持った修道士が描かれている。	国名		
1973年に東西2つの国家がそろって国連に加盟し、1990年に統一を果たした国はどこ？	ドイツ	国連加盟国 ヨーロッパ 歴史	2	1989年のベルリンの壁崩壊を経て統一された。	国名		
一部区間に速度無制限が残る高速道路網アウトバーンで知られる国はどこ？	ドイツ	国連加盟国 ヨーロッパ 文化	2	推奨速度は時速130kmとされている。	国名		
2023年4月に最後の原子力発電所3基を停止し、脱原発を完了した国はどこ？	ドイツ	国連加盟国 ヨーロッパ 経済	3	2011年の福島第一原発事故を受けて脱原発の方針を決めていた。	国名		
1248年に着工し、600年以上を経た1880年に完成したケルン大聖堂がある国はどこ？	ドイツ	国連加盟国 ヨーロッパ 文化	2	ゴシック様式の大聖堂で、世界遺産に登録されている。	国名		
国際原子力機関（IAEA）の本部が首都に置かれている国はどこ？	オーストリア	国連加盟国 ヨーロッパ 国際機関	3	首都ウィーンには国連の事務所も置かれている。	国名		
1955年に主権を回復し、同年に永世中立を宣言した国はどこ？	オーストリア	国連加盟国 ヨーロッパ 政治	3	第二次世界大戦後、米英仏ソの4か国による占領を受けていた。	国名		
1972年から81年まで第4代国連事務総長を務めたクルト・ヴァルトハイムの出身国はどこ？	オーストリア	国連加盟国 ヨーロッパ 国際機関	4	のちに母国の大統領も務めた。	国名		
2002年に国民投票を経て国連に加盟した、永世中立国はどこ？	スイス	国連加盟国 ヨーロッパ 国際機関	3	それ以前から国連欧州本部がジュネーヴに置かれていた。	国名		
ドイツ語・フランス語・イタリア語・ロマンシュ語の4つを国語とする国はどこ？	スイス	国連加盟国 ヨーロッパ 文化	3	ロマンシュ語の話者は人口の1％未満である。	国名		
1863年に創設された赤十字国際委員会（ICRC）の本部がある国はどこ？	スイス	国連加盟国 ヨーロッパ 国際機関	3	創設者アンリ・デュナンは第1回ノーベル平和賞を受賞した。	国名		
二重内陸国のうち、ヨーロッパにある国はどこ？	リヒテンシュタイン	国連加盟国 ヨーロッパ 地理	3	スイスとオーストリアに挟まれている。	国名		
スイス・フランを通貨とし、1990年に国連に加盟したアルプスの公国はどこ？	リヒテンシュタイン	国連加盟国 ヨーロッパ 経済	4	首都はファドゥーツである。	国名		
世界有数の人工歯（入れ歯）メーカーが本社を置くことで知られる、アルプスの公国はどこ？	リヒテンシュタイン	国連加盟国 ヨーロッパ 経済	5	人口約4万人の小国ながら精密工業が盛んである。	国名		
国内にサンマリノとバチカンの2つの国を抱える国はどこ？	イタリア	国連加盟国 ヨーロッパ 地理	2	バチカンは国連に加盟しておらず、オブザーバー国家である。	国名		
国連食糧農業機関（FAO）の本部が首都に置かれている国はどこ？	イタリア	国連加盟国 ヨーロッパ 国際機関	3	首都ローマには国連世界食糧計画（WFP）の本部もある。	国名		
1861年、サルデーニャ王国を中心として統一された国はどこ？	イタリア	国連加盟国 ヨーロッパ 歴史	3	統一運動はリソルジメントと呼ばれる。	国名		
ヨーロッパ最大の活火山エトナ山がある国はどこ？	イタリア	国連加盟国 ヨーロッパ 自然	3	シチリア島東部にそびえ、世界遺産に登録されている。	国名		
301年に建国されたとされ、現存する世界最古の共和国を名乗る国はどこ？	サンマリノ	国連加盟国 ヨーロッパ 歴史	3	石工の聖マリヌスが建国したと伝えられる。	国名		
2人の執政が半年ごとに交代して元首を務める国はどこ？	サンマリノ	国連加盟国 ヨーロッパ 政治	4	執政は毎年4月1日と10月1日に就任する。	国名		
ティターノ山の上に築かれ、周囲をイタリアに囲まれた国はどこ？	サンマリノ	国連加盟国 ヨーロッパ 地理	3	山上の3つの塔が国旗の紋章にも描かれている。	国名		
1989年、米ソ首脳が冷戦の終結を宣言した会談の舞台となった地中海の国はどこ？	マルタ	国連加盟国 ヨーロッパ 歴史	3	ブッシュ大統領とゴルバチョフ書記長が会談した。	国名		
EU加盟国のなかで人口・面積ともに最も小さい国はどこ？	マルタ	国連加盟国 ヨーロッパ 地理	3	2004年にEUに加盟し、2008年にユーロを導入した。	国名		
EUの公用語のなかで唯一セム語派に属する言語を国語とする国はどこ？	マルタ	国連加盟国 ヨーロッパ 文化	4	アラビア語に由来し、ラテン文字で書かれる。	国名		
北アフリカの地中海沿岸に、セウタとメリリャの2つの飛び地を持つ国はどこ？	スペイン	国連加盟国 ヨーロッパ 地理	3	いずれもモロッコと陸続きの国境を接している。	国名		
国連の専門機関、国連世界観光機関（UN Tourism）が本部を置く国はどこ？	スペイン	国連加盟国 ヨーロッパ 国際機関	4	本部は首都マドリードにある。	国名		
建築家ガウディの設計で1882年に着工したサグラダ・ファミリアがある国はどこ？	スペイン	国連加盟国 ヨーロッパ 文化	2	バルセロナにあり、現在も建設が続いている。	国名		
1992年、夏季五輪と国際博覧会を同じ年に国内で開催した国はどこ？	スペイン	国連加盟国 ヨーロッパ スポーツ	3	五輪はバルセロナ、万博はセビリアで開かれた。	国名		
ユーラシア大陸最西端のロカ岬がある国はどこ？	ポルトガル	国連加盟国 ヨーロッパ 地理	2	岬には、ここに地終わり海始まるという詩の一節を刻んだ碑がある。	国名		
2017年に第9代国連事務総長に就任したアントニオ・グテーレスの出身国はどこ？	ポルトガル	国連加盟国 ヨーロッパ 国際機関	2	就任前は国連難民高等弁務官や母国の首相を務めた。	国名		
1543年、種子島に漂着した船で日本に鉄砲を伝えたとされる人々の国はどこ？	ポルトガル	国連加盟国 ヨーロッパ 日本との関係	2	乗っていたのは中国人倭寇の船で、同乗者が鉄砲を伝えたとされる。	国名		
フランス大統領とスペインのウルヘル司教の2人が共同元首を務める国はどこ？	アンドラ	国連加盟国 ヨーロッパ 政治	4	2人はアンドラ公と呼ばれる。	国名		
ピレネー山脈にあり、カタルーニャ語を唯一の公用語とする国はどこ？	アンドラ	国連加盟国 ヨーロッパ 文化	4	カタルーニャ語を唯一の公用語とする世界で唯一の国である。	国名		
首都の標高が約1000mあり、ヨーロッパで最も高い所にある首都を持つピレネー山中の国はどこ？	アンドラ	国連加盟国 ヨーロッパ 地理	4	首都アンドラ・ラ・ベリャの標高は約1023mである。	国名		
1980年、ワレサを指導者とする自主管理労組の連帯が結成された国はどこ？	ポーランド	国連加盟国 ヨーロッパ 歴史	3	ワレサは1983年にノーベル平和賞を受賞し、のちに大統領となった。	国名		
作曲家ショパンや、物理学者・化学者のマリ・キュリーの出身国はどこ？	ポーランド	国連加盟国 ヨーロッパ 文化	2	キュリーは発見した元素に祖国にちなむポロニウムと名付けた。	国名		
世界遺産アウシュヴィッツ＝ビルケナウ強制収容所跡がある国はどこ？	ポーランド	国連加盟国 ヨーロッパ 歴史	2	1979年に負の世界遺産として登録された。	国名		
国民1人当たりのビール消費量が長年世界一の国はどこ？	チェコ/チェコ共和国	国連加盟国 ヨーロッパ 文化	3	ピルスナービールの発祥地プルゼニもこの国にある。	国名		
作曲家ドヴォルザークやスメタナを生んだ国はどこ？	チェコ/チェコ共和国	国連加盟国 ヨーロッパ 文化	3	スメタナの連作交響詩『わが祖国』には、モルダウ（ヴルタヴァ）が含まれる。	国名		
1993年にスロバキアとの連邦を平和的に解消し、首都をプラハに置く国はどこ？	チェコ/チェコ共和国	国連加盟国 ヨーロッパ 歴史	2	平和的な分離はビロード離婚と呼ばれる。	国名		
首都が世界で唯一、2つの国と国境を接している国はどこ？	スロバキア	国連加盟国 ヨーロッパ 地理	4	首都ブラチスラバはオーストリア、ハンガリーと国境を接している。	国名		
人口1人当たりの自動車生産台数が世界最多の国はどこ？	スロバキア	国連加盟国 ヨーロッパ 経済	4	フォルクスワーゲンや起亜などの工場が集まる。	国名		
タトラ山脈の最高峰ゲルラホフスキー峰を擁する国はどこ？	スロバキア	国連加盟国 ヨーロッパ 地理	5	標高は2655mで、カルパティア山脈の最高峰でもある。	国名		
ヨーロッパでは珍しく、人名を日本と同じく姓・名の順に表記する国はどこ？	ハンガリー	国連加盟国 ヨーロッパ 文化	3	日付も日本と同じく年・月・日の順に書く。	国名		
1974年にルービックキューブを発明したエルノー・ルービックの出身国はどこ？	ハンガリー	国連加盟国 ヨーロッパ 文化	3	ルービックは建築学の教授で、立体構造を教える教材として考案した。	国名		
マジャル人が建国し、首都がドナウ川両岸の町の合併によって誕生した国はどこ？	ハンガリー	国連加盟国 ヨーロッパ 歴史	3	1873年に右岸のブダ、オーブダと左岸のペストが合併した。	国名		
旧ユーゴスラビア諸国で最初にEUに加盟し、2007年にユーロを導入した国はどこ？	スロベニア	国連加盟国 ヨーロッパ 経済	4	2004年のEU加盟国のなかでも最初にユーロを導入した。	国名		
石灰岩の浸食地形を指すカルストの語源となったクラス地方がある国はどこ？	スロベニア	国連加盟国 ヨーロッパ 自然	4	世界遺産のシュコツィアン洞窟群もこの地方にある。	国名		
湖に浮かぶ小島に教会が建つブレッド湖で知られる国はどこ？	スロベニア	国連加盟国 ヨーロッパ 地理	3	ユリアン・アルプスの麓にある氷河湖である。	国名		
2023年1月、ユーロの導入とシェンゲン協定への参加を同時に果たした国はどこ？	クロアチア	国連加盟国 ヨーロッパ 経済	3	ユーロ圏20番目の国となった。	国名		
17世紀の兵士が首に巻いた布がネクタイの起源とされる国はどこ？	クロアチア	国連加盟国 ヨーロッパ 文化	3	フランス語でネクタイを意味するクラヴァットは、この国の人を指す言葉に由来する。	国名		
アドリア海の真珠と称されるドゥブロヴニク旧市街がある国はどこ？	クロアチア	国連加盟国 ヨーロッパ 地理	2	城壁に囲まれた旧市街が世界遺産に登録されている。	国名		
1914年、第一次世界大戦のきっかけとなるサラエボ事件が起きた都市を首都とする国はどこ？	ボスニア・ヘルツェゴビナ	国連加盟国 ヨーロッパ 歴史	2	オーストリア皇位継承者の夫妻がセルビア人青年に暗殺された。	国名		
1995年のデイトン合意によって内戦が終結した国はどこ？	ボスニア・ヘルツェゴビナ	国連加盟国 ヨーロッパ 歴史	3	合意はアメリカのオハイオ州デイトンで結ばれた。	国名		
3つの主要民族から1人ずつ選ばれる3人の大統領評議会が元首を務める国はどこ？	ボスニア・ヘルツェゴビナ	国連加盟国 ヨーロッパ 政治	4	ボシュニャク人、セルビア人、クロアチア人から1人ずつ選ばれる。	国名		
テニス選手ノバク・ジョコビッチの出身国はどこ？	セルビア	国連加盟国 ヨーロッパ スポーツ	2	四大大会の男子シングルスで歴代最多の優勝回数を誇る。	国名		
首都の国際空港に、発明家ニコラ・テスラの名が冠されている国はどこ？	セルビア	国連加盟国 ヨーロッパ 科学	4	首都ベオグラードにはテスラ博物館もある。	国名		
2008年に南部のコソボが一方的に独立を宣言した国はどこ？	セルビア	国連加盟国 ヨーロッパ 政治	3	コソボは国連に加盟していない。	国名		
2006年、国民投票を経てセルビアとの国家連合から独立した国はどこ？	モンテネグロ	国連加盟国 ヨーロッパ 歴史	3	国連加盟国として192番目の国となった。	国名		
EUとの通貨協定がないまま、ユーロを自国の通貨として使用している国連加盟国はどこ？	モンテネグロ	国連加盟国 ヨーロッパ 経済	4	それ以前はドイツ・マルクを使用していた。	国名		
国名が黒い山を意味する、アドリア海に面した国はどこ？	モンテネグロ	国連加盟国 ヨーロッパ 地理	3	ベネチア語に由来する国名で、現地語ではツルナ・ゴーラという。	国名		
2019年、隣国ギリシャとの合意に基づいて国名を変更した国はどこ？	北マケドニア/きたマケドニア	国連加盟国 ヨーロッパ 政治	3	2018年に結ばれたプレスパ合意に基づく。	国名		
マザー・テレサの生誕地スコピエを首都とする国はどこ？	北マケドニア/きたマケドニア	国連加盟国 ヨーロッパ 文化	4	スコピエにはマザー・テレサ記念館がある。	国名		
2020年にNATOの30番目の加盟国となった国はどこ？	北マケドニア/きたマケドニア	国連加盟国 ヨーロッパ 政治	4	国名問題の解決により、ギリシャの反対が解消された。	国名		
1967年、世界で初めて無神論国家を宣言した国はどこ？	アルバニア	国連加盟国 ヨーロッパ 政治	4	ホッジャ政権のもとで宗教活動が全面的に禁止された。	国名		
1971年、中国の国連代表権を認める総会決議の提案国となり、その国名が決議の通称となった国はどこ？	アルバニア	国連加盟国 ヨーロッパ 国際機関	4	当時は中国と緊密な関係にあった。	国名		
国旗に、赤地に黒い双頭の鷲が描かれたバルカン半島の国はどこ？	アルバニア	国連加盟国 ヨーロッパ 国旗	3	国名の現地語名シュチパリアは鷲の国を意味するとされる。	国名		
1896年、第1回近代オリンピックが開かれた国はどこ？	ギリシャ	国連加盟国 ヨーロッパ スポーツ	2	クーベルタンの提唱により、首都アテネで開催された。	国名		
2009年に財政赤字の過少報告が発覚し、ユーロ危機の引き金となった国はどこ？	ギリシャ	国連加盟国 ヨーロッパ 経済	3	EUやIMFによる金融支援を受けた。	国名		
国歌の歌詞が158節あり、世界最長の国歌とされる国はどこ？	ギリシャ	国連加盟国 ヨーロッパ 文化	4	通常は冒頭の2節のみが歌われる。	国名		
首を縦に振ると否定、横に振ると肯定を表す習慣があり、バラ油の生産で世界有数の国はどこ？	ブルガリア	国連加盟国 ヨーロッパ 文化	3	バラ油の産地カザンラク一帯はバラの谷と呼ばれる。	国名		
キリル文字が生まれた地とされ、毎年5月24日に文字の日を祝う国はどこ？	ブルガリア	国連加盟国 ヨーロッパ 文化	4	9世紀末、第一次ブルガリア帝国で考案されたとされる。	国名		
2026年1月にユーロを導入し、ユーロ圏21番目の国となった国はどこ？	ブルガリア	国連加盟国 ヨーロッパ 経済	3	それまでの通貨レフは約146年使われていた。	国名		
ドラキュラのモデルとされるヴラド3世ゆかりのブラン城がある国はどこ？	ルーマニア	国連加盟国 ヨーロッパ 文化	3	城はトランシルヴァニア地方にある。	国名		
東欧のEU加盟国で唯一、ラテン語系の言語を公用語とする国はどこ？	ルーマニア	国連加盟国 ヨーロッパ 文化	3	国名はローマ人の国を意味する。	国名		
1989年の革命で、チャウシェスク政権が倒れた国はどこ？	ルーマニア	国連加盟国 ヨーロッパ 歴史	3	東欧革命のなかで唯一、流血の事態となった。	国名		
国内東部に、未承認国家の沿ドニエストル共和国を抱える国はどこ？	モルドバ	国連加盟国 ヨーロッパ 政治	4	ロシア軍が駐留を続けている。	国名		
世界最大のワインコレクションとしてギネス世界記録に認定された貯蔵庫ミレシュティ・ミーチがある国はどこ？	モルドバ	国連加盟国 ヨーロッパ 経済	5	地下の貯蔵トンネルは総延長約200kmに及ぶ。	国名		
ルーマニア語を公用語とし、ウクライナとルーマニアに挟まれた内陸国はどこ？	モルドバ	国連加盟国 ヨーロッパ 地理	3	2022年にEU加盟候補国となった。	国名		
1986年に史上最悪レベルの原子力事故が起きたチョルノービリ原発がある国はどこ？	ウクライナ	国連加盟国 ヨーロッパ 歴史	2	国際原子力事象評価尺度で最悪のレベル7とされた。	国名		
国旗の青と黄が、青空と小麦畑を表すとされる国はどこ？	ウクライナ	国連加盟国 ヨーロッパ 国旗	2	肥沃な黒土地帯が広がり、ヨーロッパの穀倉と呼ばれる。	国名		
世界最大の輸送機アントノフAn-225ムリーヤを開発した国はどこ？	ウクライナ	国連加盟国 ヨーロッパ 科学	3	2022年、ロシアの侵攻により首都近郊の空港で破壊された。	国名		
ヨーロッパで唯一、現在も死刑を執行している国はどこ？	ベラルーシ	国連加盟国 ヨーロッパ 政治	3	1994年からルカシェンコ大統領が政権を握り続けている。	国名		
ヨーロッパ最後の原生林とされるビャウォヴィエジャの森を、ポーランドと共有する国はどこ？	ベラルーシ	国連加盟国 ヨーロッパ 自然	4	ヨーロッパバイソンの生息地として知られる。	国名		
国名が白いロシアを意味する、東ヨーロッパの内陸国はどこ？	ベラルーシ	国連加盟国 ヨーロッパ 地理	3	日本語では以前、白ロシアとも呼ばれた。	国名		
11の標準時を持ち、世界最大の国土面積を誇る国はどこ？	ロシア/ロシア連邦	国連加盟国 ヨーロッパ 地理	2	国土面積は約1710万平方kmで、日本の約45倍である。	国名		
1991年のソ連崩壊に伴い、ソ連の安保理常任理事国の地位を引き継いだ国はどこ？	ロシア/ロシア連邦	国連加盟国 ヨーロッパ 国際機関	2	国連憲章の条文は現在もソ連と表記されたままである。	国名		
世界で最も深く、最も古い湖とされるバイカル湖がある国はどこ？	ロシア/ロシア連邦	国連加盟国 ヨーロッパ 自然	2	最大水深は約1600mで、世界の淡水の約2割を蓄える。	国名		
ユーラシア大陸の最東端にあたるデジニョフ岬がある国はどこ？	ロシア/ロシア連邦	国連加盟国 ヨーロッパ 地理	4	ベーリング海峡に面し、対岸はアメリカのアラスカである。	国名		
2011年に南スーダンが独立して以降、アフリカ最大の面積を持つ国はどこ？	アルジェリア	国連加盟国 アフリカ 地理	2	面積は約238万平方kmで、日本の約6倍である。	国名		
1954年から62年にかけての独立戦争を経て、フランスから独立した国はどこ？	アルジェリア	国連加盟国 アフリカ 歴史	3	独立戦争はフランス第四共和政崩壊の一因となった。	国名		
国土の8割以上をサハラ砂漠が占め、首都をアルジェに置く国はどこ？	アルジェリア	国連加盟国 アフリカ 地理	2	首都アルジェの旧市街カスバは世界遺産に登録されている。	国名		
地中海と紅海を結ぶスエズ運河がある国はどこ？	エジプト	国連加盟国 アフリカ 地理	2	1869年に開通し、1956年にナセル大統領が国有化を宣言した。	国名		
1979年、アラブ諸国で初めてイスラエルと平和条約を結んだ国はどこ？	エジプト	国連加盟国 アフリカ 政治	3	前年のキャンプ・デービッド合意を受けて締結された。	国名		
1992年から96年まで第6代国連事務総長を務めたブトロス・ブトロス＝ガーリの出身国はどこ？	エジプト	国連加盟国 アフリカ 国際機関	3	アフリカ出身者として初の国連事務総長である。	国名		
ナイル川にアスワン・ハイ・ダムを建設し、人造湖のナセル湖を持つ国はどこ？	エジプト	国連加盟国 アフリカ 地理	2	ダム建設に伴い、アブ・シンベル神殿が移設された。	国名		
1951年、国連総会の決議に基づいて独立を果たした最初の国はどこ？	リビア	国連加盟国 アフリカ 国際機関	5	旧イタリア領で、独立当初は王国だった。	国名		
1969年から約40年にわたり、カダフィが最高指導者として君臨した国はどこ？	リビア	国連加盟国 アフリカ 政治	2	2011年のアラブの春の中で政権が崩壊した。	国名		
アフリカで最大の原油確認埋蔵量を持つ国はどこ？	リビア	国連加盟国 アフリカ 経済	3	OPECの加盟国でもある。	国名		
1984年にアフリカ統一機構を脱退し、2017年にアフリカ連合（AU）に復帰した国はどこ？	モロッコ	国連加盟国 アフリカ 政治	4	西サハラの加盟に反発して脱退していた。	国名		
世界最大級の迷宮都市とされる旧市街フェズ・エル・バリがある国はどこ？	モロッコ	国連加盟国 アフリカ 文化	3	9世紀に建設された古都で、世界遺産に登録されている。	国名		
2022年のサッカーW杯で、アフリカ勢として初めてベスト4に進出した国はどこ？	モロッコ	国連加盟国 アフリカ スポーツ	2	準々決勝でポルトガルを破った。	国名		
2010年末に始まったジャスミン革命が、アラブの春の発端となった国はどこ？	チュニジア	国連加盟国 アフリカ 政治	3	露天商の青年の焼身自殺をきっかけに抗議が広がった。	国名		
古代フェニキア人が築いた都市カルタゴの遺跡がある国はどこ？	チュニジア	国連加盟国 アフリカ 歴史	3	カルタゴはポエニ戦争でローマと覇権を争った。	国名		
2015年、民主化を支えた国民対話カルテットがノーベル平和賞を受賞した国はどこ？	チュニジア	国連加盟国 アフリカ 政治	4	労働組合や経営者団体など4つの団体からなる。	国名		
2011年に南部が分離独立するまで、アフリカ最大の面積を持っていた国はどこ？	スーダン	国連加盟国 アフリカ 地理	3	分離後は面積でアフリカ第3位となった。	国名		
メロエ遺跡などに、エジプトよりも多い200基以上のピラミッドが残る国はどこ？	スーダン	国連加盟国 アフリカ 歴史	4	古代クシュ王国の王たちが築いた。	国名		
白ナイル川と青ナイル川が首都ハルツームで合流する国はどこ？	スーダン	国連加盟国 アフリカ 地理	3	合流点から下流がナイル川本流となる。	国名		
2011年に独立し、国連加盟国のなかで最も新しい国はどこ？	南スーダン/みなみスーダン	国連加盟国 アフリカ 歴史	2	193番目の国連加盟国である。	国名		
白ナイル川の流域に、世界最大級の湿地スッドが広がる国はどこ？	南スーダン/みなみスーダン	国連加盟国 アフリカ 自然	4	スッドはアラビア語で障壁を意味する。	国名		
2012年から17年まで、日本の陸上自衛隊が国連平和維持活動として派遣された国はどこ？	南スーダン/みなみスーダン	国連加盟国 アフリカ 日本との関係	3	施設部隊が首都ジュバで道路整備などにあたった。	国名		
1936年から41年のイタリアによる占領を除き、植民地支配を受けなかったアフリカの国はどこ？	エチオピア	国連加盟国 アフリカ 歴史	3	1896年のアドワの戦いでイタリア軍を破った。	国名		
独自の暦を用い、1年が13か月からなる国はどこ？	エチオピア	国連加盟国 アフリカ 文化	3	30日の月が12か月と、5日または6日の月が1か月ある。	国名		
アラビカ種のコーヒーノキの原産地とされる国はどこ？	エチオピア	国連加盟国 アフリカ 文化	2	西南部のカッファ地方がコーヒーの語源になったという説がある。	国名		
アフリカ連合（AU）の本部が首都に置かれている国はどこ？	エチオピア	国連加盟国 アフリカ 国際機関	3	首都アディスアベバには国連アフリカ経済委員会も置かれている。	国名		
1993年にエチオピアから独立し、紅海に長い海岸線を持つ国はどこ？	エリトリア	国連加盟国 アフリカ 歴史	3	この独立によりエチオピアは内陸国となった。	国名		
イタリア植民地期のモダニズム建築群が残る首都アスマラが、2017年に世界遺産に登録された国はどこ？	エリトリア	国連加盟国 アフリカ 文化	4	アフリカのモダニズム都市として登録された。	国名		
2018年、エチオピアとの国境紛争を和平合意で終結させた国はどこ？	エリトリア	国連加盟国 アフリカ 政治	4	和平を主導したエチオピアのアビー首相は2019年にノーベル平和賞を受賞した。	国名		
アフリカ大陸で最も低い地点、海面下約155mのアッサル湖がある国はどこ？	ジブチ	国連加盟国 アフリカ 地理	4	塩分濃度が非常に高い塩湖である。	国名		
2011年、日本の自衛隊が初の本格的な海外拠点を設けた国はどこ？	ジブチ	国連加盟国 アフリカ 日本との関係	3	ソマリア沖・アデン湾の海賊対処活動の拠点として開設された。	国名		
紅海の入り口バブ・エル・マンデブ海峡に面し、アメリカや中国など多くの国が軍事拠点を置く国はどこ？	ジブチ	国連加盟国 アフリカ 政治	3	旧フランス領で、1977年に独立した。	国名		
アフリカ大陸最東端のハーフーン岬がある国はどこ？	ソマリア	国連加盟国 アフリカ 地理	4	アフリカの角と呼ばれる半島に位置する。	国名		
2000年代後半、周辺海域での海賊被害が国際問題となったアフリカの角の国はどこ？	ソマリア	国連加盟国 アフリカ 政治	2	長期の内戦で中央政府が機能しなかったことが背景にある。	国名		
北部のソマリランドが1991年に一方的に独立を宣言した国はどこ？	ソマリア	国連加盟国 アフリカ 政治	3	ソマリランドは旧イギリス領の地域にあたる。	国名		
国連環境計画（UNEP）と国連人間居住計画（UN-Habitat）が本部を置く国はどこ？	ケニア	国連加盟国 アフリカ 国際機関	3	首都ナイロビは途上国で唯一、国連の本部機能を持つ都市とされる。	国名		
2004年、環境活動家ワンガリ・マータイがアフリカ人女性初のノーベル平和賞を受賞した国はどこ？	ケニア	国連加盟国 アフリカ 政治	3	日本語の「もったいない」を世界に広めたことでも知られる。	国名		
赤道直下にそびえる同国最高峰の名が、国名の由来になった国はどこ？	ケニア	国連加盟国 アフリカ 地理	3	ケニア山はキリマンジャロに次ぐアフリカ第2の高峰である。	国名		
ビクトリア湖北岸の町ジンジャが、ナイル川の源流の一つとされる国はどこ？	ウガンダ	国連加盟国 アフリカ 地理	4	白ナイルはここでビクトリア湖から流れ出す。	国名		
1970年代にイディ・アミン大統領が独裁政治を行った国はどこ？	ウガンダ	国連加盟国 アフリカ 歴史	3	アジア系住民を国外追放したことでも知られる。	国名		
豊かな自然からチャーチルにアフリカの真珠と称された国はどこ？	ウガンダ	国連加盟国 アフリカ 自然	3	マウンテンゴリラの生息地としても知られる。	国名		
アフリカ最高峰のキリマンジャロ山がある国はどこ？	タンザニア	国連加盟国 アフリカ 地理	2	標高は5895mで、独立峰としては世界有数の高さである。	国名		
1964年、タンガニーカとザンジバルが合邦して誕生した国はどこ？	タンザニア	国連加盟国 アフリカ 歴史	3	国名は2つの地名を組み合わせたものである。	国名		
ヌーの大移動で知られるセレンゲティ国立公園がある国はどこ？	タンザニア	国連加盟国 アフリカ 自然	3	隣国ケニアのマサイマラ国立保護区と生態系がつながっている。	国名		
1994年、約100日間で多数の人々が殺害される大虐殺が起きた国はどこ？	ルワンダ	国連加盟国 アフリカ 歴史	2	フツ系過激派によりツチ系住民などが殺害された。	国名		
2008年、世界で初めて国会下院で女性議員が過半数を占めた国はどこ？	ルワンダ	国連加盟国 アフリカ 政治	3	憲法で議席の一定割合を女性に割り当てている。	国名		
旧ベルギー領でありながら、2009年に英連邦に加盟した国はどこ？	ルワンダ	国連加盟国 アフリカ 政治	4	フランス語に加えて英語も公用語としている。	国名		
2010年代末、政治上の首都をタンガニーカ湖畔のブジュンブラから内陸のギテガへ移した国はどこ？	ブルンジ	国連加盟国 アフリカ 地理	4	経済の中心は現在もブジュンブラにある。	国名		
1962年7月1日、隣国ルワンダと同じ日にベルギーから独立した国はどこ？	ブルンジ	国連加盟国 アフリカ 歴史	4	独立前は両国がルアンダ・ウルンディとして統治されていた。	国名		
国旗の白い円の中に、3つの赤い六芒星が描かれている国はどこ？	ブルンジ	国連加盟国 アフリカ 国旗	4	3つの星は統一・労働・進歩を表す。	国名		
1971年から97年まで、ザイールという国名だった国はどこ？	コンゴ民主共和国	国連加盟国 アフリカ 歴史	3	モブツ大統領の時代に改名された。	国名		
電気自動車の電池に欠かせないコバルトの世界生産量の約7割を占める国はどこ？	コンゴ民主共和国	国連加盟国 アフリカ 経済	3	銅やダイヤモンドなど鉱物資源に恵まれている。	国名		
サハラ以南のアフリカで最大の面積を持つ国はどこ？	コンゴ民主共和国	国連加盟国 アフリカ 地理	3	面積は約234万平方kmで、アフリカではアルジェリアに次ぐ。	国名		
首都の名が、フランスの探検家ブラザにちなんでいる国はどこ？	コンゴ共和国	国連加盟国 アフリカ 歴史	4	探検家の遺骨は2006年に首都ブラザヴィルの霊廟へ移された。	国名		
国旗が緑・黄・赤の三色を斜めに分けたデザインで、旧フランス領の赤道直下の国はどこ？	コンゴ共和国	国連加盟国 アフリカ 国旗	4	赤道が国土の中央部を横切っている。	国名		
大河を挟んで、隣国の首都キンシャサと向かい合う首都を持つ国はどこ？	コンゴ共和国	国連加盟国 アフリカ 地理	3	2つの首都は、ローマとバチカンを除くと世界で最も近接している。	国名		
2002年、国土の約1割にあたる13の国立公園を一挙に設けた、赤道直下の国はどこ？	ガボン	国連加盟国 アフリカ 自然	4	国土の8割以上を熱帯雨林が覆い、マルミミゾウなど貴重な野生動物が生息する。	国名		
1913年、医師シュヴァイツァーがランバレネに病院を開いた国はどこ？	ガボン	国連加盟国 アフリカ 歴史	4	シュヴァイツァーは1952年度のノーベル平和賞を受賞した。	国名		
約20億年前に核分裂反応が自然に起きていた天然原子炉が、オクロ鉱床で見つかった国はどこ？	ガボン	国連加盟国 アフリカ 科学	5	1972年、フランスの研究者がウランの同位体比の異常から発見した。	国名		
アフリカで唯一、スペイン語を公用語とする国はどこ？	赤道ギニア/せきどうギニア	国連加盟国 アフリカ 文化	3	フランス語とポルトガル語も公用語としている。	国名		
首都マラボが大陸部ではなくビオコ島にある国はどこ？	赤道ギニア/せきどうギニア	国連加盟国 アフリカ 地理	4	大陸部の地域はリオ・ムニと呼ばれる。	国名		
1968年にスペインから独立した、ギニア湾岸の国はどこ？	赤道ギニア/せきどうギニア	国連加盟国 アフリカ 歴史	4	1990年代に油田が発見され、経済が急成長した。	国名		
多様な地形や民族から、アフリカの縮図と呼ばれる国はどこ？	カメルーン	国連加盟国 アフリカ 地理	3	砂漠、サバナ、熱帯雨林、火山など多様な自然がある。	国名		
旧フランス領と旧イギリス領が統合され、フランス語と英語を公用語とする国はどこ？	カメルーン	国連加盟国 アフリカ 政治	4	もとはドイツの植民地で、第一次世界大戦後に英仏に分割された。	国名		
2002年のサッカー日韓W杯で、大分県の旧中津江村をキャンプ地とした国はどこ？	カメルーン	国連加盟国 アフリカ 日本との関係	3	代表チームの到着が大幅に遅れたことで話題となった。	国名		
アフリカ大陸のほぼ中央に位置し、首都をバンギに置く内陸国はどこ？	中央アフリカ/ちゅうおうアフリカ/中央アフリカ共和国	国連加盟国 アフリカ 地理	3	旧フランス領で、1960年に独立した。	国名		
1977年にボカサが皇帝に即位し、一時帝政を敷いた国はどこ？	中央アフリカ/ちゅうおうアフリカ/中央アフリカ共和国	国連加盟国 アフリカ 歴史	4	豪華な戴冠式は国家予算の多くを費やしたとされる。	国名		
フランス語とともにサンゴ語を公用語とする国はどこ？	中央アフリカ/ちゅうおうアフリカ/中央アフリカ共和国	国連加盟国 アフリカ 文化	5	サンゴ語は国民の大半が話す共通語である。	国名		
国名の由来となった湖が、1960年代から大幅に縮小した国はどこ？	チャド	国連加盟国 アフリカ 自然	3	干ばつや灌漑により、チャド湖の面積は大きく減少した。	国名		
青・黄・赤の縦三色旗が、ルーマニアの国旗とほぼ同じ国はどこ？	チャド	国連加盟国 アフリカ 国旗	4	違いは青の色合いがわずかに濃いことだけである。	国名		
アフリカの内陸国で最も面積が大きい国はどこ？	チャド	国連加盟国 アフリカ 地理	4	面積は約128万平方kmで、隣国ニジェールをわずかに上回る。	国名		
アフリカで最も人口が多い国はどこ？	ナイジェリア	国連加盟国 アフリカ 地理	2	人口は2億人を超える。	国名		
ノリウッドと呼ばれる映画産業が、製作本数で世界有数の規模を誇る国はどこ？	ナイジェリア	国連加盟国 アフリカ 文化	3	最大都市ラゴスを中心に低予算の映画が大量に作られている。	国名		
1991年、首都をラゴスから内陸の計画都市アブジャへ移した国はどこ？	ナイジェリア	国連加盟国 アフリカ 地理	3	アブジャは民族間の中立を考慮して国土の中央部に建設された。	国名		
1986年、ウォーレ・ショインカがアフリカ出身者として初めてノーベル文学賞を受賞した国はどこ？	ナイジェリア	国連加盟国 アフリカ 文化	4	ショインカは劇作家・詩人として知られる。	国名		
国名の由来となった大河が南西部を流れ、西アフリカで最大の面積を持つ国はどこ？	ニジェール	国連加盟国 アフリカ 地理	3	国土の大部分はサハラ砂漠に含まれる。	国名		
原子力発電の燃料となるウランの主要な産出国で、首都をニアメに置く国はどこ？	ニジェール	国連加盟国 アフリカ 経済	4	旧フランス領で、フランスの原子力産業を長く支えてきた。	国名		
サハラ砂漠のアイル山地とテネレ自然保護区が世界遺産に登録されている国はどこ？	ニジェール	国連加盟国 アフリカ 自然	5	アフリカ最大級の自然保護区である。	国名		
14世紀、メッカ巡礼で大量の金を費やしたマンサ・ムーサ王の帝国と同じ名を持つ国はどこ？	マリ	国連加盟国 アフリカ 歴史	4	マンサ・ムーサは史上最も裕福な人物とも言われる。	国名		
世界最大の泥の建築物とされるジェンネの大モスクがある国はどこ？	マリ	国連加盟国 アフリカ 文化	4	毎年、住民総出で泥を塗り直す祭りが行われる。	国名		
サハラ交易で栄えた伝説の都市トンブクトゥがある国はどこ？	マリ	国連加盟国 アフリカ 歴史	3	金と塩の交易で栄え、イスラム学問の中心地でもあった。	国名		
1984年、国名を現地語で高潔な人々の国を意味する名称に改めた国はどこ？	ブルキナファソ	国連加盟国 アフリカ 歴史	4	改名は当時のサンカラ大統領が主導した。	国名		
アフリカ最大級の映画祭FESPACOが、首都で隔年開催される国はどこ？	ブルキナファソ	国連加盟国 アフリカ 文化	5	首都はワガドゥグーである。	国名		
かつてオートボルタという国名だった西アフリカの内陸国はどこ？	ブルキナファソ	国連加盟国 アフリカ 歴史	3	オートボルタはボルタ川上流を意味する。	国名		
サハラの目と呼ばれる直径約40kmの円形地形、リシャット構造がある国はどこ？	モーリタニア	国連加盟国 アフリカ 自然	4	宇宙からもはっきり見え、宇宙飛行士の目印にされた。	国名		
正式国名にイスラム共和国を含み、日本向けのタコの主要な産地として知られる国はどこ？	モーリタニア	国連加盟国 アフリカ 日本との関係	3	日本の技術協力によりタコ漁が広まった。	国名		
1981年、世界で最後に奴隷制を法的に廃止した国はどこ？	モーリタニア	国連加盟国 アフリカ 歴史	4	奴隷制が犯罪として処罰の対象となったのは2007年である。	国名		
アフリカ大陸最西端のアルマディ岬がある国はどこ？	セネガル	国連加盟国 アフリカ 地理	3	首都ダカールのあるヴェルデ岬半島の先端にある。	国名		
パリ・ダカール・ラリーのゴール地点だった都市を首都とする国はどこ？	セネガル	国連加盟国 アフリカ 文化	2	ラリーは2009年以降、南米やサウジアラビアに舞台を移した。	国名		
隣国ガンビアを三方から取り囲む国はどこ？	セネガル	国連加盟国 アフリカ 地理	3	1982年から89年まで、ガンビアとセネガンビア国家連合を組んでいた。	国名		
アフリカ大陸の国のなかで最も面積が小さい国はどこ？	ガンビア	国連加盟国 アフリカ 地理	3	面積は約1万1300平方kmで、岐阜県とほぼ同じである。	国名		
国土が大河に沿って東西に細長く延び、大西洋側以外をセネガルに囲まれた国はどこ？	ガンビア	国連加盟国 アフリカ 地理	3	国土の南北の幅はおよそ20〜50kmしかない。	国名		
小説『ルーツ』で、主人公クンタ・キンテの故郷とされた国はどこ？	ガンビア	国連加盟国 アフリカ 文化	4	作者アレックス・ヘイリーが自らの先祖をたどった物語である。	国名		
1973年に独立を宣言し、翌74年にポルトガルが独立を承認した国はどこ？	ギニアビサウ	国連加盟国 アフリカ 歴史	4	アミルカル・カブラルが率いた独立闘争が実を結んだ。	国名		
輸出の大部分をカシューナッツが占める、西アフリカの国はどこ？	ギニアビサウ	国連加盟国 アフリカ 経済	4	カシューナッツの生産量は世界でも上位に入る。	国名		
大西洋沖に88の島々からなるビジャゴ諸島を持つ国はどこ？	ギニアビサウ	国連加盟国 アフリカ 自然	5	ビジャゴ諸島はユネスコの生物圏保護区に指定されている。	国名		
アルミニウムの原料となるボーキサイトの埋蔵量が世界最大級の国はどこ？	ギニア	国連加盟国 アフリカ 経済	4	巨大な鉄鉱石鉱山シマンドゥでも知られる。	国名		
1958年、フランス共同体への参加を国民投票で拒否し、即時独立した国はどこ？	ギニア	国連加盟国 アフリカ 歴史	4	フランス領西アフリカで最初に独立した国となった。	国名		
ニジェール川やセネガル川の源流があり、西アフリカの給水塔と呼ばれる国はどこ？	ギニア	国連加盟国 アフリカ 地理	4	源流はフータ・ジャロン山地などにある。	国名		
国名がポルトガル語でライオンの山を意味する国はどこ？	シエラレオネ	国連加盟国 アフリカ 地理	3	15世紀にポルトガルの探検家が名付けた。	国名		
18世紀末、イギリスの解放奴隷の入植地として首都フリータウンが建設された国はどこ？	シエラレオネ	国連加盟国 アフリカ 歴史	3	フリータウンは自由の町を意味する。	国名		
1990年代の内戦を背景とした映画『ブラッド・ダイヤモンド』の舞台となった国はどこ？	シエラレオネ	国連加盟国 アフリカ 文化	3	紛争ダイヤモンドが武装勢力の資金源となった。	国名		
アメリカの解放奴隷が中心となり、1847年に独立したアフリカの国はどこ？	リベリア	国連加盟国 アフリカ 歴史	3	首都モンロビアはアメリカ大統領モンローにちなむ。	国名		
2005年の選挙で、アフリカ初の民選女性大統領が誕生した国はどこ？	リベリア	国連加盟国 アフリカ 政治	3	エレン・ジョンソン・サーリーフで、2011年にノーベル平和賞を受賞した。	国名		
国旗がアメリカの星条旗に似ており、星が1つだけの国はどこ？	リベリア	国連加盟国 アフリカ 国旗	3	11本の縞は独立宣言に署名した11人を表す。	国名		
カカオ豆の生産量が世界一の国はどこ？	コートジボワール	国連加盟国 アフリカ 経済	2	世界の生産量の約4割を占める。	国名		
国名がフランス語で象牙海岸を意味する国はどこ？	コートジボワール	国連加盟国 アフリカ 地理	2	日本政府も現地語の国名をそのまま片仮名表記している。	国名		
法律上の首都ヤムスクロに、世界最大級の教会ノートルダム・ド・ラ・ペ聖堂がある国はどこ？	コートジボワール	国連加盟国 アフリカ 文化	4	バチカンのサン・ピエトロ大聖堂をモデルに建てられた。	国名		
1928年、野口英世が黄熱病の研究中に亡くなった国はどこ？	ガーナ	国連加盟国 アフリカ 日本との関係	2	首都アクラで自らも黄熱病に感染して死去した。	国名		
1957年、サハラ以南のアフリカで最初に植民地から独立した国はどこ？	ガーナ	国連加盟国 アフリカ 歴史	3	独立を率いたエンクルマが初代首相となった。	国名		
1997年から2006年まで第7代国連事務総長を務めたコフィー・アナンの出身国はどこ？	ガーナ	国連加盟国 アフリカ 国際機関	3	2001年に国連とともにノーベル平和賞を受賞した。	国名		
ガーナとベナンに挟まれ、南北に細長い国土を持つ西アフリカの国はどこ？	トーゴ	国連加盟国 アフリカ 地理	3	ギニア湾に面した海岸線は約56kmしかない。	国名		
泥の塔状家屋タキエンタが並ぶバタマリバ人の土地クタマクが、世界遺産に登録されている国はどこ？	トーゴ	国連加盟国 アフリカ 文化	5	2004年に世界文化遺産に登録された。	国名		
1975年、ECとアフリカ・カリブ海・太平洋諸国との間のロメ協定が首都で結ばれた国はどこ？	トーゴ	国連加盟国 アフリカ 国際機関	5	途上国産品に特恵待遇を与える協定だった。	国名		
1975年、ダホメーから現在の国名に改めた国はどこ？	ベナン	国連加盟国 アフリカ 歴史	4	ダホメーは17世紀から栄えた王国の名である。	国名		
ブードゥー教発祥の地とされ、毎年1月10日がブードゥーの祝日となっている国はどこ？	ベナン	国連加盟国 アフリカ 文化	4	ブードゥー教は奴隷貿易を通じてハイチなどへ伝わった。	国名		
憲法上の首都はポルトノボだが、政府機能の多くが最大都市コトヌーにある国はどこ？	ベナン	国連加盟国 アフリカ 政治	4	コトヌーは同国の経済の中心でもある。	国名		
大西洋に浮かぶ火山島群からなり、ポルトガル語を公用語とするアフリカの島国はどこ？	カーボベルデ	国連加盟国 アフリカ 地理	4	セネガルの沖合約570kmに位置する。	国名		
国名がポルトガル語で緑の岬を意味する国はどこ？	カーボベルデ	国連加盟国 アフリカ 地理	3	国名は対岸のヴェルデ岬に由来する。	国名		
2013年、国連に対し、あらゆる言語で自国名を現地語表記に統一するよう求めた国はどこ？	カーボベルデ	国連加盟国 アフリカ 国際機関	5	それまで英語ではケープベルデと呼ばれていた。	国名		
ギニア湾の赤道付近に浮かぶ2つの主要な島からなる、旧ポルトガル領の国はどこ？	サントメ・プリンシペ	国連加盟国 アフリカ 地理	4	1975年にポルトガルから独立した。	国名		
セーシェルに次いで、アフリカで2番目に面積が小さい国はどこ？	サントメ・プリンシペ	国連加盟国 アフリカ 地理	4	面積は約960平方kmである。	国名		
20世紀初頭、カカオ豆の生産量で一時世界一となった島国はどこ？	サントメ・プリンシペ	国連加盟国 アフリカ 経済	4	現在もカカオが主要な輸出品である。	国名		
コンゴ民主共和国を挟んで、北側に飛び地カビンダ州を持つ国はどこ？	アンゴラ	国連加盟国 アフリカ 地理	4	カビンダ沖は同国の主要な油田地帯である。	国名		
1975年の独立直後から2002年まで長い内戦が続いた、旧ポルトガル領の国はどこ？	アンゴラ	国連加盟国 アフリカ 歴史	4	冷戦下で米ソなどが異なる勢力を支援した。	国名		
アフリカ有数の産油国で、2024年1月にOPECを脱退した国はどこ？	アンゴラ	国連加盟国 アフリカ 経済	4	生産枠の割り当てに反発して脱退した。	国名		
銅の産出で知られ、かつて北ローデシアと呼ばれた国はどこ？	ザンビア	国連加盟国 アフリカ 歴史	3	北部のカッパーベルトは世界有数の銅産地である。	国名		
1964年の独立から91年まで、ケネス・カウンダが大統領を務めた国はどこ？	ザンビア	国連加盟国 アフリカ 政治	4	カウンダは建国の父として敬われている。	国名		
首都をルサカに置き、ジンバブエとの国境にヴィクトリアの滝がある国はどこ？	ザンビア	国連加盟国 アフリカ 地理	3	滝はザンベジ川にあり、世界遺産に登録されている。	国名		
かつてニヤサランドと呼ばれた、アフリカ南東部の内陸国はどこ？	マラウイ	国連加盟国 アフリカ 歴史	4	1964年にイギリスから独立した。	国名		
国土の約5分の1を占める湖が、カワスズメ科の魚の種類の多さで知られる国はどこ？	マラウイ	国連加盟国 アフリカ 自然	4	湖の国立公園が世界遺産に登録されている。	国名		
首都をリロングウェに置く、アフリカ南東部の内陸国はどこ？	マラウイ	国連加盟国 アフリカ 地理	3	1975年に旧首都ゾンバから首都が移された。	国名		
国旗に自動小銃AK-47が描かれている国はどこ？	モザンビーク	国連加盟国 アフリカ 国旗	3	小銃は独立闘争と国防を表す。	国名		
1995年、旧イギリス領でない国として初めて英連邦に加盟した国はどこ？	モザンビーク	国連加盟国 アフリカ 政治	4	旧ポルトガル領で、周囲を英連邦加盟国に囲まれていた。	国名		
マダガスカル島との間の海峡に、その名が付けられている国はどこ？	モザンビーク	国連加盟国 アフリカ 地理	3	海峡の幅は最も狭い所で約400kmある。	国名		
2000年代後半のハイパーインフレで、100兆単位の紙幣が発行された国はどこ？	ジンバブエ	国連加盟国 アフリカ 経済	3	2009年に自国通貨の使用が事実上停止された。	国名		
かつて南ローデシアと呼ばれた国はどこ？	ジンバブエ	国連加盟国 アフリカ 歴史	3	1965年に白人政権が一方的に独立を宣言し、1980年に正式に独立した。	国名		
国名の由来となった石造の遺跡群が、世界遺産に登録されている国はどこ？	ジンバブエ	国連加盟国 アフリカ 歴史	3	国名はショナ語で石の家を意味する。	国名		
1966年の独立時は最貧国の一つだったが、ダイヤモンド産業で高い成長を遂げた国はどこ？	ボツワナ	国連加盟国 アフリカ 経済	3	アフリカで民主主義が安定した国としても知られる。	国名		
世界最大級の内陸デルタ、オカバンゴ・デルタがある国はどこ？	ボツワナ	国連加盟国 アフリカ 自然	4	川が海に達せずカラハリ砂漠で消える、珍しい地形である。	国名		
国土の約7割をカラハリ砂漠が占める国はどこ？	ボツワナ	国連加盟国 アフリカ 地理	3	カラハリは狩猟採集民サンの人々の暮らす地でもある。	国名		
世界最古の砂漠とされるナミブ砂漠がある国はどこ？	ナミビア	国連加盟国 アフリカ 自然	3	赤い砂丘が連なるソススフレイで知られる。	国名		
1990年、南アフリカの統治から独立した国はどこ？	ナミビア	国連加盟国 アフリカ 歴史	3	国連の関与のもとで独立が実現した。	国名		
かつてドイツ領南西アフリカと呼ばれた国はどこ？	ナミビア	国連加盟国 アフリカ 歴史	4	20世紀初頭、ドイツ軍によるヘレロ人などの虐殺が起きた。	国名		
行政・立法・司法の首都がプレトリア、ケープタウン、ブルームフォンテーンに分かれている国はどこ？	南アフリカ/みなみアフリカ/南アフリカ共和国	国連加盟国 アフリカ 地理	2	首都機能を3都市に分けたのは、1910年の連邦成立時の妥協による。	国名		
1994年、ネルソン・マンデラが初の黒人大統領に就任した国はどこ？	南アフリカ/みなみアフリカ/南アフリカ共和国	国連加盟国 アフリカ 政治	2	アパルトヘイト撤廃後、初の全人種参加の選挙を経て就任した。	国名		
2023年に手話を加えて、公用語が12になった国はどこ？	南アフリカ/みなみアフリカ/南アフリカ共和国	国連加盟国 アフリカ 文化	4	それまでは英語、アフリカーンス語、ズールー語など11の公用語があった。	国名		
2010年、アフリカ大陸で初めてサッカーW杯を開催した国はどこ？	南アフリカ/みなみアフリカ/南アフリカ共和国	国連加盟国 アフリカ スポーツ	2	スペインが初優勝を果たした大会である。	国名		
国土の全周を南アフリカに囲まれた国はどこ？	レソト	国連加盟国 アフリカ 地理	3	他国に完全に囲まれた国は、世界にこの国とサンマリノ、バチカンしかない。	国名		
国土の最低地点でも標高約1400mあり、全土が標高1000m以上にある唯一の国はどこ？	レソト	国連加盟国 アフリカ 地理	4	天空の王国とも呼ばれる。	国名		
国旗に伝統的な麦わら帽子モコロトロが描かれている国はどこ？	レソト	国連加盟国 アフリカ 国旗	4	2006年に現在の国旗が制定された。	国名		
2018年、国王の宣言により国名をスワジランドから変更した国はどこ？	エスワティニ	国連加盟国 アフリカ 政治	3	新しい国名は現地語でスワジ人の土地を意味する。	国名		
国王が強い権限を持ち、アフリカ最後の絶対君主制とされる国はどこ？	エスワティニ	国連加盟国 アフリカ 政治	4	国王ムスワティ3世は1986年に即位した。	国名		
南アフリカとモザンビークに挟まれた、アフリカ南部の内陸国はどこ？	エスワティニ	国連加盟国 アフリカ 地理	3	面積は四国よりやや小さい。	国名		
面積が世界で4番目に大きな島を国土とする国はどこ？	マダガスカル	国連加盟国 アフリカ 地理	2	島の面積は日本の約1.6倍である。	国名		
キツネザルの仲間など固有種が多く、バオバブの並木道で知られる国はどこ？	マダガスカル	国連加盟国 アフリカ 自然	2	島に生息する動植物の多くが固有種である。	国名		
アフリカの国ながら、公用語の一つがインドネシア方面から伝わったオーストロネシア語族に属する国はどこ？	マダガスカル	国連加盟国 アフリカ 文化	4	ボルネオ島の言語と近い関係にあるとされる。	国名		
17世紀に絶滅した飛べない鳥ドードーが生息していた国はどこ？	モーリシャス	国連加盟国 アフリカ 自然	3	ドードーは国章にも描かれている。	国名		
インド系住民が人口の過半数を占める、インド洋の島国はどこ？	モーリシャス	国連加盟国 アフリカ 文化	4	19世紀にサトウキビ農園の労働者として多くのインド人が移住した。	国名		
2020年、日本の海運会社が運航する貨物船わかしおが座礁し、重油流出事故が起きた国はどこ？	モーリシャス	国連加盟国 アフリカ 日本との関係	3	マングローブやサンゴ礁への影響が懸念された。	国名		
人口・面積ともにアフリカで最も小さい国はどこ？	セーシェル	国連加盟国 アフリカ 地理	3	約115の島々からなり、人口は約12万人である。	国名		
世界最大の種子を持つヤシ、ココ・デ・メールの自生地がある国はどこ？	セーシェル	国連加盟国 アフリカ 自然	4	自生地のヴァレ・ド・メ自然保護区は世界遺産に登録されている。	国名		
約10万頭のアルダブラゾウガメが生息する、アルダブラ環礁を持つ国はどこ？	セーシェル	国連加盟国 アフリカ 自然	4	アルダブラ環礁は世界最大級の隆起環礁である。	国名		
モザンビーク海峡北部の島国で、フランス領マヨット島の領有を主張する国はどこ？	コモロ	国連加盟国 アフリカ 政治	4	マヨット島は住民投票でフランス残留を選んだ。	国名		
生きた化石シーラカンスの主要な生息地として知られる、インド洋の島国はどこ？	コモロ	国連加盟国 アフリカ 自然	4	1952年、この国の近海で2例目の個体が捕獲された。	国名		
香水の原料イランイランの世界有数の産地である、アラブ連盟加盟の島国はどこ？	コモロ	国連加盟国 アフリカ 経済	5	香料の島とも呼ばれる。	国名		
世界で最も長い海岸線を持つ国はどこ？	カナダ	国連加盟国 北中米 地理	3	北極海の多数の島々を含め、海岸線の総延長は20万kmを超える。	国名		
国旗にサトウカエデの葉が描かれている国はどこ？	カナダ	国連加盟国 北中米 国旗	2	メープルシロップの生産量は世界の約7割を占める。	国名		
国連の専門機関、国際民間航空機関（ICAO）が本部を置く国はどこ？	カナダ	国連加盟国 北中米 国際機関	4	本部はモントリオールにある。	国名		
英語とフランス語を公用語とし、フランス語圏のケベック州を擁する国はどこ？	カナダ	国連加盟国 北中米 文化	2	ケベック州では1980年と1995年に分離独立を問う住民投票が行われた。	国名		
ニューヨークのイースト川沿いに、国連本部が置かれている国はどこ？	アメリカ/アメリカ合衆国/米国	国連加盟国 北中米 国際機関	2	本部の敷地はロックフェラー2世が寄付した資金で購入された。	国名		
1867年、ロシアからアラスカを約720万ドルで購入した国はどこ？	アメリカ/アメリカ合衆国/米国	国連加盟国 北中米 歴史	2	当時は無用の長物と批判されたが、のちに金や石油が見つかった。	国名		
ウィルソン大統領が国際連盟の設立を提唱しながら、議会の反対で加盟しなかった国はどこ？	アメリカ/アメリカ合衆国/米国	国連加盟国 北中米 歴史	3	上院がヴェルサイユ条約の批准を否決した。	国名		
2025年、大統領令によって初めて英語を公用語に指定した国はどこ？	アメリカ/アメリカ合衆国/米国	国連加盟国 北中米 政治	4	それまで連邦レベルで公用語は定められていなかった。	国名		
1968年、ラテンアメリカで初めて夏季オリンピックを開催した国はどこ？	メキシコ	国連加盟国 北中米 スポーツ	3	標高約2240mの首都で開かれ、陸上競技で多くの世界記録が生まれた。	国名		
スペイン語を母語とする人口が世界で最も多い国はどこ？	メキシコ	国連加盟国 北中米 文化	3	スペイン本国の人口の2倍以上の話者がいる。	国名		
ユカタン半島にマヤ文明の遺跡チチェン・イツァがある国はどこ？	メキシコ	国連加盟国 北中米 歴史	2	ククルカンのピラミッドでは春分と秋分に蛇の影が現れる。	国名		
1888年、日本がアジア以外の国と初めて結んだ平等条約の相手国はどこ？	メキシコ	国連加盟国 北中米 日本との関係	4	日墨修好通商条約と呼ばれる。	国名		
マヤ文明最大級の都市遺跡ティカルがある国はどこ？	グアテマラ	国連加盟国 北中米 歴史	3	熱帯雨林の中にピラミッド神殿がそびえる。	国名		
1992年、先住民の人権活動家リゴベルタ・メンチュウがノーベル平和賞を受賞した国はどこ？	グアテマラ	国連加盟国 北中米 政治	4	マヤ系先住民の権利擁護に取り組んだ。	国名		
国鳥ケツァールの名が、通貨の単位にもなっている国はどこ？	グアテマラ	国連加盟国 北中米 経済	4	ケツァールは国旗の紋章にも描かれている。	国名		
中米で唯一、英語を公用語とする国はどこ？	ベリーズ	国連加盟国 北中米 文化	3	1981年にイギリスから独立した。	国名		
海中の巨大な縦穴グレート・ブルー・ホールがある国はどこ？	ベリーズ	国連加盟国 北中米 自然	4	直径約300mの円形の海底陥没孔で、ダイバーに人気がある。	国名		
かつてイギリス領ホンジュラスと呼ばれた国はどこ？	ベリーズ	国連加盟国 北中米 歴史	4	1973年に現在の国名に改めた。	国名		
作家O・ヘンリーが造ったバナナ共和国という言葉のモデルとされる国はどこ？	ホンジュラス	国連加盟国 北中米 歴史	4	アメリカ資本の果物会社が政治に強い影響力を持っていた。	国名		
精巧な石碑や神聖文字の階段で知られるマヤ遺跡コパンがある国はどこ？	ホンジュラス	国連加盟国 北中米 歴史	4	1980年に世界遺産に登録された。	国名		
2023年に台湾と断交し、中国と国交を樹立した中米の国はどこ？	ホンジュラス	国連加盟国 北中米 政治	4	中米で台湾と国交を持つ国はさらに減少した。	国名		
2021年、世界で初めてビットコインを法定通貨とした国はどこ？	エルサルバドル	国連加盟国 北中米 経済	3	2025年の法改正で、ビットコインの受け取り義務は廃止された。	国名		
中米で最も面積が小さく、唯一カリブ海に面していない国はどこ？	エルサルバドル	国連加盟国 北中米 地理	4	面積は約2万1000平方kmで、四国よりやや大きい。	国名		
国名がスペイン語で救世主を意味する国はどこ？	エルサルバドル	国連加盟国 北中米 文化	3	救世主とはイエス・キリストを指す。	国名		
中米で最も面積が大きい国はどこ？	ニカラグア	国連加盟国 北中米 地理	4	面積は約13万平方kmである。	国名		
1979年、サンディニスタ民族解放戦線による革命でソモサ独裁政権が倒れた国はどこ？	ニカラグア	国連加盟国 北中米 歴史	4	その後、アメリカが支援する反政府勢力コントラとの内戦が続いた。	国名		
淡水域にもかかわらずオオメジロザメが生息することで知られる、中米最大の湖を持つ国はどこ？	ニカラグア	国連加盟国 北中米 自然	5	サメはサンフアン川をさかのぼってカリブ海から湖へ入る。	国名		
1949年に制定した憲法で、常備軍の廃止を定めた国はどこ？	コスタリカ	国連加盟国 北中米 政治	3	軍事費を教育や医療に振り向けてきた。	国名		
1987年、中米和平に尽力したアリアス大統領がノーベル平和賞を受賞した国はどこ？	コスタリカ	国連加盟国 北中米 政治	4	中米紛争の和平案はアリアス・プランと呼ばれた。	国名		
世界の生物種の約5％が生息するとされ、エコツーリズムの先進国として知られる中米の国はどこ？	コスタリカ	国連加盟国 北中米 自然	3	国土の4分の1以上が国立公園や保護区に指定されている。	国名		
1914年に開通した、太平洋とカリブ海を結ぶ運河がある国はどこ？	パナマ	国連加盟国 北中米 地理	2	1999年末にアメリカから運河の管理権が返還された。	国名		
1903年、アメリカの支援を受けてコロンビアから独立した国はどこ？	パナマ	国連加盟国 北中米 歴史	3	独立直後に運河地帯の権利がアメリカに与えられた。	国名		
1989年、アメリカ軍が侵攻してノリエガ将軍を拘束した国はどこ？	パナマ	国連加盟国 北中米 歴史	4	ノリエガはアメリカで麻薬密輸の罪に問われた。	国名		
カリブ海で最も大きな島を国土とする国はどこ？	キューバ	国連加盟国 カリブ 地理	3	国土の面積は本州の約半分である。	国名		
1959年、カストロやゲバラらによる革命が成功した国はどこ？	キューバ	国連加盟国 カリブ 歴史	2	親米のバティスタ政権が倒された。	国名		
1962年、ソ連のミサイル配備をめぐって米ソが核戦争寸前となった危機の舞台はどこ？	キューバ	国連加盟国 カリブ 歴史	2	ソ連がミサイルを撤去することで危機は回避された。	国名		
ボブ・マーリーらによって世界に広まったレゲエ音楽が生まれた国はどこ？	ジャマイカ	国連加盟国 カリブ 文化	2	レゲエは2018年にユネスコ無形文化遺産に登録された。	国名		
陸上男子100mの世界記録保持者ウサイン・ボルトの出身国はどこ？	ジャマイカ	国連加盟国 カリブ スポーツ	2	2009年に9秒58の世界記録を樹立した。	国名		
高級コーヒー豆ブルーマウンテンの産地として知られる国はどこ？	ジャマイカ	国連加盟国 カリブ 経済	2	生産量の多くが日本へ輸出されている。	国名		
1804年、世界初の黒人による共和国として独立した国はどこ？	ハイチ	国連加盟国 カリブ 歴史	3	フランス領時代の奴隷反乱から独立を勝ち取った。	国名		
イスパニョーラ島の西側約3分の1を占める国はどこ？	ハイチ	国連加盟国 カリブ 地理	3	フランス語とハイチ・クレオール語を公用語とする。	国名		
2010年の大地震で、首都ポルトープランスが壊滅的な被害を受けた国はどこ？	ハイチ	国連加盟国 カリブ 歴史	2	日本の自衛隊も国連PKOとして復興支援にあたった。	国名		
コロンブスの一行が建設した、アメリカ大陸最古のヨーロッパ人都市サントドミンゴを首都とする国はどこ？	ドミニカ共和国/ドミニカきょうわこく	国連加盟国 カリブ 歴史	3	植民都市サントドミンゴは世界遺産に登録されている。	国名		
イスパニョーラ島の東側約3分の2を占める国はどこ？	ドミニカ共和国/ドミニカきょうわこく	国連加盟国 カリブ 地理	3	カリブ海の島国ドミニカ国とは別の国である。	国名		
アメリカの大リーグに、アメリカ以外で最も多くの選手を送り出している国はどこ？	ドミニカ共和国/ドミニカきょうわこく	国連加盟国 カリブ スポーツ	3	野球が最も人気のあるスポーツである。	国名		
1492年、コロンブスが最初に上陸したとされるサンサルバドル島がある国はどこ？	バハマ	国連加盟国 カリブ 歴史	3	島名はスペイン語で聖なる救世主を意味する。	国名		
フロリダ半島の南東に、約700の島々が連なる国はどこ？	バハマ	国連加盟国 カリブ 地理	3	国名はスペイン語の浅い海に由来するとされる。	国名		
1973年にイギリスから独立した、西インド諸島北部の島国はどこ？	バハマ	国連加盟国 カリブ 歴史	4	首都ナッソーはニュープロビデンス島にある。	国名		
アメリカ大陸で面積・人口ともに最も小さい国はどこ？	セントクリストファー・ネービス	国連加盟国 カリブ 地理	4	人口は約5万人である。	国名		
1984年、世界で初めて投資による市民権取得制度を設けた国はどこ？	セントクリストファー・ネービス	国連加盟国 カリブ 経済	5	一定額の投資や寄付で国籍を取得できる制度である。	国名		
1623年、カリブ海でイギリス最初の植民地が築かれた島を擁する国はどこ？	セントクリストファー・ネービス	国連加盟国 カリブ 歴史	5	植民地が築かれたのはセントキッツ島である。	国名		
1年の日数と同じ365のビーチがあるとされる、カリブ海の島国はどこ？	アンティグア・バーブーダ	国連加盟国 カリブ 地理	4	観光業が経済の柱である。	国名		
イギリス海軍の拠点だったネルソンズ・ドックヤードが世界遺産に登録されている国はどこ？	アンティグア・バーブーダ	国連加盟国 カリブ 歴史	5	ネルソン提督が若き日に駐在したことにちなむ名である。	国名		
1981年にイギリスから独立した、リーワード諸島の2つの主要な島からなる国はどこ？	アンティグア・バーブーダ	国連加盟国 カリブ 歴史	4	首都はアンティグア島のセントジョンズである。	国名		
国旗の中央に国鳥のミカドボウシインコが描かれている国はどこ？	ドミニカ国/ドミニカこく	国連加盟国 カリブ 国旗	5	国旗に紫色を使う数少ない国の一つである。	国名		
世界で2番目に大きな熱水湖ボイリング・レイクがある、小アンティル諸島の島国はどこ？	ドミニカ国/ドミニカこく	国連加盟国 カリブ 自然	5	湖はモーン・トロワ・ピトン国立公園にあり、公園は世界遺産に登録されている。	国名		
先住民カリナゴの人々が暮らす自治区を持つ、小アンティル諸島の島国はどこ？	ドミニカ国/ドミニカこく	国連加盟国 カリブ 文化	5	カリブ海の名の由来となったカリブ人の子孫が暮らしている。	国名		
経済学者アーサー・ルイスと詩人デレク・ウォルコットの2人のノーベル賞受賞者を輩出した島国はどこ？	セントルシア	国連加盟国 カリブ 文化	5	人口当たりのノーベル賞受賞者数は世界屈指である。	国名		
海からそびえる2つの尖峰ピトン山群が世界遺産に登録されている国はどこ？	セントルシア	国連加盟国 カリブ 自然	5	グロ・ピトンとプチ・ピトンの2峰からなる。	国名		
17〜19世紀にイギリスとフランスの間で14回も支配が入れ替わった、カリブ海の島国はどこ？	セントルシア	国連加盟国 カリブ 歴史	5	1979年にイギリスから独立した。	国名		
2020年、安保理非常任理事国として史上最も小さい国となった国はどこ？	セントビンセント・グレナディーン/セントビンセント及びグレナディーン諸島	国連加盟国 カリブ 国際機関	5	2020年から21年までの任期を務めた。	国名		
2021年、スフリエール火山の大噴火で本島北部の住民が避難した国はどこ？	セントビンセント・グレナディーン/セントビンセント及びグレナディーン諸島	国連加盟国 カリブ 自然	5	1979年以来の大規模な噴火だった。	国名		
映画『パイレーツ・オブ・カリビアン』のロケ地となったウォリラボー湾がある国はどこ？	セントビンセント・グレナディーン/セントビンセント及びグレナディーン諸島	国連加盟国 カリブ 文化	4	撮影用のセットの一部が今も残されている。	国名		
2021年、イギリスの君主を元首とする体制をやめ、共和制へ移行した国はどこ？	バルバドス	国連加盟国 カリブ 政治	4	共和制移行後も英連邦には残っている。	国名		
歌手リアーナの出身国はどこ？	バルバドス	国連加盟国 カリブ 文化	3	2021年、共和制移行に合わせて国民的英雄に選ばれた。	国名		
小アンティル諸島の東端、大西洋に面して位置する島国はどこ？	バルバドス	国連加盟国 カリブ 地理	5	ほかの島々から離れた位置にあり、火山島ではなくサンゴ石灰岩の島である。	国名		
国旗にナツメグの実が描かれ、スパイスの島と呼ばれる国はどこ？	グレナダ	国連加盟国 カリブ 国旗	4	ナツメグの生産量は世界有数である。	国名		
1983年、アメリカ軍などが侵攻したカリブ海の島国はどこ？	グレナダ	国連加盟国 カリブ 歴史	4	政変で首相が殺害されたことを受けて侵攻が行われた。	国名		
2006年、世界初とされる海中彫刻公園が作られたカリブ海南部の国はどこ？	グレナダ	国連加盟国 カリブ 文化	5	彫刻は人工のサンゴ礁としての役割も果たしている。	国名		
ドラム缶から作られた打楽器スチールパン発祥の地である国はどこ？	トリニダード・トバゴ	国連加盟国 カリブ 文化	4	毎年盛大なカーニバルが開かれる。	国名		
世界最大の天然アスファルトの湖、ピッチ湖がある国はどこ？	トリニダード・トバゴ	国連加盟国 カリブ 自然	5	湖のアスファルトは道路の舗装にも使われている。	国名		
ベネズエラ沖に位置し、カリブ海有数の産油国として知られる2つの島からなる国はどこ？	トリニダード・トバゴ	国連加盟国 カリブ 経済	4	天然ガスから作るアンモニアやメタノールの輸出も盛んである。	国名		
エメラルドの産出量が世界一の国はどこ？	コロンビア	国連加盟国 南米 経済	3	首都ボゴタ北方のムソー鉱山が有名である。	国名		
『百年の孤独』で知られるノーベル文学賞作家ガルシア＝マルケスの出身国はどこ？	コロンビア	国連加盟国 南米 文化	3	魔術的リアリズムの代表的な作家である。	国名		
南米で唯一、太平洋とカリブ海の両方に面している国はどこ？	コロンビア	国連加盟国 南米 地理	3	国名はコロンブスにちなむ。	国名		
落差約979mで世界最大の滝、エンジェルフォールがある国はどこ？	ベネズエラ	国連加盟国 南米 自然	2	滝の名は、発見を世に広めたアメリカ人飛行士エンジェルにちなむ。	国名		
原油の確認埋蔵量が世界最大の国はどこ？	ベネズエラ	国連加盟国 南米 経済	3	埋蔵量の多くはオリノコ川流域の超重質油である。	国名		
国名がスペイン語で小さなベネチアを意味する国はどこ？	ベネズエラ	国連加盟国 南米 文化	3	マラカイボ湖の水上家屋をベネチアになぞらえたとされる。	国名		
南米で唯一、英語を公用語とする国はどこ？	ガイアナ	国連加盟国 南米 文化	3	旧イギリス領で、1966年に独立した。	国名		
2019年に沖合油田からの原油生産が始まり、急速な経済成長を遂げている南米の国はどこ？	ガイアナ	国連加盟国 南米 経済	4	経済成長率が世界最高水準となった年もある。	国名		
落差約226mを一気に落ちる、単一の滝として世界有数の規模を持つカイエトゥールの滝がある国はどこ？	ガイアナ	国連加盟国 南米 自然	5	水量と落差を兼ね備えた滝として知られる。	国名		
南米で唯一、オランダ語を公用語とする国はどこ？	スリナム	国連加盟国 南米 文化	3	旧オランダ領で、1975年に独立した。	国名		
南米で最も面積が小さい独立国はどこ？	スリナム	国連加盟国 南米 地理	4	国土の大部分を熱帯雨林が覆う。	国名		
1667年のブレダ条約で、オランダがニューアムステルダムと引き換えにイギリスから得た地域を国土とする国はどこ？	スリナム	国連加盟国 南米 歴史	5	ニューアムステルダムはのちのニューヨークである。	国名		
ダーウィンの進化論に影響を与えたガラパゴス諸島を領有する国はどこ？	エクアドル	国連加盟国 南米 自然	2	ガラパゴス諸島は1978年、最初の世界遺産の一つとして登録された。	国名		
国名がスペイン語で赤道を意味する国はどこ？	エクアドル	国連加盟国 南米 地理	2	首都キト近郊に赤道記念碑がある。	国名		
2000年に自国通貨スクレを廃止し、米ドルを法定通貨とした国はどこ？	エクアドル	国連加盟国 南米 経済	4	深刻な経済危機とインフレへの対策として導入された。	国名		
インカ帝国の遺跡マチュピチュがある国はどこ？	ペルー	国連加盟国 南米 歴史	2	標高約2400mの尾根に築かれ、空中都市とも呼ばれる。	国名		
砂漠に描かれた巨大なナスカの地上絵がある国はどこ？	ペルー	国連加盟国 南米 歴史	2	近年は日本の山形大学の研究チームが多くの新たな地上絵を発見している。	国名		
1990年、日系2世のアルベルト・フジモリが大統領に就任した国はどこ？	ペルー	国連加盟国 南米 日本との関係	3	任期中にハイパーインフレの収束やゲリラ対策を進めた。	国名		
1996年、左翼ゲリラが日本大使公邸を占拠する事件が起きた国はどこ？	ペルー	国連加盟国 南米 日本との関係	3	事件は翌1997年4月、特殊部隊の突入で終結した。	国名		
南米で唯一、ポルトガル語を公用語とする国はどこ？	ブラジル	国連加盟国 南米 文化	2	1494年のトルデシリャス条約でポルトガルの勢力圏とされた。	国名		
日系人の人口が世界で最も多い国はどこ？	ブラジル	国連加盟国 南米 日本との関係	2	1908年、笠戸丸で最初の日本人移民が渡った。	国名		
1960年、首都をリオデジャネイロから内陸の計画都市へ移した国はどこ？	ブラジル	国連加盟国 南米 地理	2	新首都ブラジリアは飛行機の形をした都市計画で知られ、世界遺産に登録されている。	国名		
毎年の国連総会一般討論演説で、慣例として最初に演説を行う国はどこ？	ブラジル	国連加盟国 南米 国際機関	4	2番目は開催国アメリカが務めるのが慣例である。	国名		
世界最大の塩原ウユニ塩原がある国はどこ？	ボリビア	国連加盟国 南米 自然	2	雨季に水が張ると空を映す鏡のような景色が見られる。	国名		
憲法上の首都スクレと、政府が置かれる事実上の首都ラパスが異なる国はどこ？	ボリビア	国連加盟国 南米 政治	3	ラパスは標高約3600mで、世界で最も高所にある首都機能都市とされる。	国名		
1879年から84年の太平洋戦争でチリに敗れ、海岸線を失った国はどこ？	ボリビア	国連加盟国 南米 歴史	4	海を失った後も、チチカカ湖に海軍を保持している。	国名		
先住民の言語グアラニー語が国民の大多数に話され、その名が通貨単位にもなっている国はどこ？	パラグアイ	国連加盟国 南米 文化	4	スペイン語とグアラニー語の2言語を公用語としている。	国名		
ブラジルと共同で建設した世界最大級の水力発電所、イタイプ・ダムがある国はどこ？	パラグアイ	国連加盟国 南米 経済	4	発電した電力の多くをブラジルへ輸出している。	国名		
南米に2つしかない内陸国のうち、首都をアスンシオンに置く国はどこ？	パラグアイ	国連加盟国 南米 地理	3	もう1つの内陸国はボリビアである。	国名		
南北約4300kmに及ぶ細長い国土を持つ南米の国はどこ？	チリ	国連加盟国 南米 地理	2	東西の幅は平均して約180kmしかない。	国名		
モアイ像で知られるイースター島を領有する国はどこ？	チリ	国連加盟国 南米 文化	2	イースター島は本土から約3700km離れている。	国名		
世界で最も乾燥した砂漠の一つとされるアタカマ砂漠がある国はどこ？	チリ	国連加盟国 南米 自然	3	日本も参加する電波望遠鏡アルマが設置されている。	国名		
南北アメリカ大陸の最高峰アコンカグア山がある国はどこ？	アルゼンチン	国連加盟国 南米 地理	3	標高は6961mで、アジア以外の最高峰である。	国名		
1982年、フォークランド諸島の領有をめぐってイギリスと戦った国はどこ？	アルゼンチン	国連加盟国 南米 歴史	3	同国ではフォークランド諸島をマルビナス諸島と呼ぶ。	国名		
2013年、南米出身で初のローマ教皇となったフランシスコの出身国はどこ？	アルゼンチン	国連加盟国 南米 文化	2	イエズス会出身として初の教皇でもあった。	国名		
2022年のサッカーW杯カタール大会で、3度目の優勝を果たした国はどこ？	アルゼンチン	国連加盟国 南米 スポーツ	2	決勝でフランスをPK戦の末に破った。	国名		
1930年、第1回サッカーW杯を開催し、優勝した国はどこ？	ウルグアイ	国連加盟国 南米 スポーツ	2	独立100周年を記念して開催された。	国名		
2013年、世界で初めて大麻の栽培・販売を国として合法化した国はどこ？	ウルグアイ	国連加盟国 南米 政治	3	麻薬組織の資金源を断つことが目的とされた。	国名		
質素な暮らしぶりから世界一貧しい大統領と呼ばれたムヒカの出身国はどこ？	ウルグアイ	国連加盟国 南米 政治	3	2012年の国連持続可能な開発会議での演説が話題となった。	国名		
1つの大陸全体を国土とする唯一の国はどこ？	オーストラリア	国連加盟国 オセアニア 地理	2	タスマニア島なども領土に含む。	国名		
全長2000km以上に及ぶ世界最大のサンゴ礁、グレートバリアリーフがある国はどこ？	オーストラリア	国連加盟国 オセアニア 自然	2	約2900の個別のサンゴ礁からなり、1981年に世界遺産に登録された。	国名		
首都をめぐるシドニーとメルボルンの対立から、両都市の間に新たな計画都市を建設した国はどこ？	オーストラリア	国連加盟国 オセアニア 地理	3	新首都キャンベラは1908年に首都予定地に選ばれた。	国名		
1902年、世界で初めて国政レベルで女性に選挙権と被選挙権の両方を認めた国はどこ？	オーストラリア	国連加盟国 オセアニア 政治	4	ただし先住民アボリジニの女性は対象外とされた。	国名		
1893年、世界で初めて国政選挙で女性の参政権を認めた国はどこ？	ニュージーランド	国連加盟国 オセアニア 政治	3	女性参政権運動の指導者ケイト・シェパードは10ドル紙幣に描かれている。	国名		
英語とともに、先住民の言語マオリ語を公用語とする国はどこ？	ニュージーランド	国連加盟国 オセアニア 文化	3	手話も公用語に定められている。	国名		
飛べない鳥キーウィを国の象徴とする国はどこ？	ニュージーランド	国連加盟国 オセアニア 自然	2	国民自身もキーウィという愛称で呼ばれる。	国名		
1953年、エベレストに初登頂したエドモンド・ヒラリーの出身国はどこ？	ニュージーランド	国連加盟国 オセアニア スポーツ	3	シェルパのテンジン・ノルゲイとともに登頂した。	国名		
約840もの言語が話され、世界で最も言語の数が多い国はどこ？	パプアニューギニア	国連加盟国 オセアニア 文化	3	共通語として英語やトク・ピシンが使われる。	国名		
ニューギニア島の東半分を占める国はどこ？	パプアニューギニア	国連加盟国 オセアニア 地理	3	島の西半分はインドネシア領である。	国名		
国旗に極楽鳥が描かれている国はどこ？	パプアニューギニア	国連加盟国 オセアニア 国旗	3	南十字星もあわせて描かれている。	国名		
太平洋戦争の激戦地ガダルカナル島に首都を置く国はどこ？	ソロモン諸島/ソロモンしょとう	国連加盟国 オセアニア 歴史	3	首都ホニアラはガダルカナル島北岸にある。	国名		
世界最大級の隆起サンゴ礁島レンネル島の東部が、世界遺産に登録されている国はどこ？	ソロモン諸島/ソロモンしょとう	国連加盟国 オセアニア 自然	5	島内にある南太平洋最大の湖テガノ湖を含む。	国名		
メラネシアに位置し、約1000の島々からなる英連邦の国はどこ？	ソロモン諸島/ソロモンしょとう	国連加盟国 オセアニア 地理	4	1978年にイギリスから独立した。	国名		
バンジージャンプの起源とされる成人儀礼ナゴールが伝わる国はどこ？	バヌアツ	国連加盟国 オセアニア 文化	3	ペンテコスト島で、ツタを足に結んで高いやぐらから飛び降りる。	国名		
1980年、イギリスとフランスの共同統治から独立した国はどこ？	バヌアツ	国連加盟国 オセアニア 歴史	4	独立前はニューヘブリデスと呼ばれた。	国名		
気候変動に関する国家の義務について、国際司法裁判所に勧告的意見を求める国連総会決議を主導した国はどこ？	バヌアツ	国連加盟国 オセアニア 国際機関	5	2023年に決議が採択され、2025年に勧告的意見が出された。	国名		
2016年のリオ五輪で、7人制ラグビーにより国として初のメダルを金メダルで獲得した国はどこ？	フィジー	国連加盟国 オセアニア スポーツ	3	2021年の東京五輪でも金メダルを獲得した。	国名		
インド系住民が人口の約4割を占める、南太平洋の国はどこ？	フィジー	国連加盟国 オセアニア 文化	4	19世紀末からサトウキビ農園の労働者として移住した人々の子孫である。	国名		
太平洋諸島フォーラム（PIF）の事務局が首都スバに置かれている国はどこ？	フィジー	国連加盟国 オセアニア 国際機関	4	南太平洋大学の本部もスバにある。	国名		
2011年に日付変更線の西側へ移り、12月30日を丸ごと飛ばした国はどこ？	サモア	国連加盟国 オセアニア 地理	4	貿易相手のオーストラリアやニュージーランドと日付を合わせるためだった。	国名		
1962年、ポリネシアで最初に独立を果たした国はどこ？	サモア	国連加盟国 オセアニア 歴史	4	ニュージーランドの信託統治領から西サモアとして独立した。	国名		
『宝島』の作者スティーブンソンが晩年を過ごし、そこで亡くなった国はどこ？	サモア	国連加盟国 オセアニア 文化	4	現地の人々から語り部を意味するツシタラと呼ばれた。	国名		
太平洋の島国で唯一の王国はどこ？	トンガ	国連加盟国 オセアニア 政治	3	一度も植民地化されなかった国としても知られる。	国名		
2022年1月、海底火山の大規模噴火が発生し、日本にも潮位変化が及んだ国はどこ？	トンガ	国連加盟国 オセアニア 自然	3	噴火した火山はフンガ・トンガ＝フンガ・ハアパイである。	国名		
18世紀、クック船長にフレンドリー諸島と名付けられた国はどこ？	トンガ	国連加盟国 オセアニア 歴史	4	島民の歓迎ぶりにちなんで名付けられた。	国名		
国別ドメイン.tvの使用料が、国の重要な収入源となっている国はどこ？	ツバル	国連加盟国 オセアニア 経済	4	テレビを連想させるため、放送関連の企業などに人気がある。	国名		
国連加盟国のなかで、モナコ、ナウルに次いで3番目に面積が小さい国はどこ？	ツバル	国連加盟国 オセアニア 地理	4	面積は約26平方kmである。	国名		
最高地点でも海抜約4.6mで、海面上昇による水没が懸念される島国はどこ？	ツバル	国連加盟国 オセアニア 地理	3	2023年にオーストラリアと、気候難民の受け入れを含む条約を結んだ。	国名		
国土が赤道と経度180度線の両方にまたがる国はどこ？	キリバス	国連加盟国 オセアニア 地理	4	東西南北の4つの半球すべてに領土を持つ唯一の国とされる。	国名		
1995年に日付変更線を東へ移し、世界で最も早く新年を迎える地域を持つことになった国はどこ？	キリバス	国連加盟国 オセアニア 地理	4	東部のライン諸島はUTC＋14の時間帯にある。	国名		
1979年、旧ギルバート諸島を中心にイギリスから独立した国はどこ？	キリバス	国連加盟国 オセアニア 歴史	4	国名はギルバートの現地語読みに由来する。	国名		
面積約21平方kmで、世界最小の島国とされる国はどこ？	ナウル	国連加盟国 オセアニア 地理	4	一周約20kmの道路で島を一回りできる。	国名		
海鳥のふんに由来するリン鉱石の輸出で、一時は世界有数の豊かな国となった国はどこ？	ナウル	国連加盟国 オセアニア 経済	4	資源の枯渇後は経済が低迷した。	国名		
法律で首都を定めていない国として知られる、太平洋の国はどこ？	ナウル	国連加盟国 オセアニア 政治	5	政府機関や国会はヤレン地区に置かれている。	国名		
1954年にアメリカが水爆実験を行い、第五福竜丸が被ばくしたビキニ環礁がある国はどこ？	マーシャル諸島/マーシャルしょとう	国連加盟国 オセアニア 歴史	3	ビキニ環礁は2010年に世界遺産に登録された。	国名		
ラタック列島とラリック列島の2つの環礁列からなる国はどこ？	マーシャル諸島/マーシャルしょとう	国連加盟国 オセアニア 地理	5	ラタックは日の出、ラリックは日没を意味する。	国名		
伝統的な航海で使われた、うねりの様子を示すスティックチャートで知られる国はどこ？	マーシャル諸島/マーシャルしょとう	国連加盟国 オセアニア 文化	5	ヤシの葉脈と貝殻で作られた海図である。	国名		
巨大な円盤状の石貨が伝わるヤップ島を擁する国はどこ？	ミクロネシア連邦/ミクロネシア	国連加盟国 オセアニア 文化	4	石貨は現在も儀礼的な贈答などに用いられる。	国名		
ヤップ、チューク、ポンペイ、コスラエの4州からなる連邦国家はどこ？	ミクロネシア連邦/ミクロネシア	国連加盟国 オセアニア 政治	4	首都パリキールはポンペイ島にある。	国名		
玄武岩の柱で築かれた古代都市遺跡ナン・マドールがある国はどこ？	ミクロネシア連邦/ミクロネシア	国連加盟国 オセアニア 歴史	5	2016年に世界遺産に登録された。	国名		
1994年、アメリカの信託統治から独立した国はどこ？	パラオ	国連加盟国 オセアニア 歴史	4	第一次世界大戦後は日本の委任統治領だった。	国名		
国旗が青地に黄色い円で、満月を表す国はどこ？	パラオ	国連加盟国 オセアニア 国旗	3	円は中心よりやや旗竿側に寄せて描かれている。	国名		
太平洋戦争の激戦地ペリリュー島がある国はどこ？	パラオ	国連加盟国 オセアニア 日本との関係	3	2015年に天皇皇后両陛下が慰霊のために訪問された。	国名		
