iso3	names	region
JPN	日本/にほん/にっぽん	東アジア
CHN	中国/ちゅうごく/中華人民共和国	東アジア
KOR	韓国/かんこく/大韓民国	東アジア
PRK	北朝鮮/きたちょうせん/朝鮮民主主義人民共和国	東アジア
MNG	モンゴル	東アジア
PHL	フィリピン	東南アジア
VNM	ベトナム	東南アジア
LAO	ラオス	東南アジア
KHM	カンボジア	東南アジア
THA	タイ	東南アジア
MMR	ミャンマー	東南アジア
MYS	マレーシア	東南アジア
SGP	シンガポール	東南アジア
IDN	インドネシア	東南アジア
BRN	ブルネイ	東南アジア
TLS	東ティモール/ひがしティモール/ティモール・レステ	東南アジア
IND	インド	南アジア
PAK	パキスタン	南アジア
BGD	バングラデシュ	南アジア
LKA	スリランカ	南アジア
NPL	ネパール	南アジア
BTN	ブータン	南アジア
MDV	モルディブ	南アジア
AFG	アフガニスタン	南アジア
KAZ	カザフスタン	中央アジア
UZB	ウズベキスタン	中央アジア
TKM	トルクメニスタン	中央アジア
KGZ	キルギス/キルギス共和国	中央アジア
TJK	タジキスタン	中央アジア
IRN	イラン	中東
IRQ	イラク	中東
SYR	シリア	中東
LBN	レバノン	中東
JOR	ヨルダン	中東
ISR	イスラエル	中東
SAU	サウジアラビア	中東
ARE	アラブ首長国連邦/UAE	中東
QAT	カタール	中東
BHR	バーレーン	中東
KWT	クウェート	中東
OMN	オマーン	中東
YEM	イエメン	中東
TUR	トルコ/テュルキエ	中東
CYP	キプロス	ヨーロッパ
GEO	ジョージア	コーカサス
ARM	アルメニア	コーカサス
AZE	アゼルバイジャン	コーカサス
ISL	アイスランド	ヨーロッパ
NOR	ノルウェー	ヨーロッパ
SWE	スウェーデン	ヨーロッパ
FIN	フィンランド	ヨーロッパ
DNK	デンマーク	ヨーロッパ
EST	エストニア	ヨーロッパ
LVA	ラトビア	ヨーロッパ
LTU	リトアニア	ヨーロッパ
GBR	イギリス/英国	ヨーロッパ
IRL	アイルランド	ヨーロッパ
NLD	オランダ	ヨーロッパ
BEL	ベルギー	ヨーロッパ
LUX	ルクセンブルク	ヨーロッパ
FRA	フランス	ヨーロッパ
MCO	モナコ	ヨーロッパ
DEU	ドイツ	ヨーロッパ
AUT	オーストリア	ヨーロッパ
CHE	スイス	ヨーロッパ
LIE	リヒテンシュタイン	ヨーロッパ
ITA	イタリア	ヨーロッパ
SMR	サンマリノ	ヨーロッパ
MLT	マルタ	ヨーロッパ
ESP	スペイン	ヨーロッパ
PRT	ポルトガル	ヨーロッパ
AND	アンドラ	ヨーロッパ
POL	ポーランド	ヨーロッパ
CZE	チェコ/チェコ共和国	ヨーロッパ
SVK	スロバキア	ヨーロッパ
HUN	ハンガリー	ヨーロッパ
SVN	スロベニア	ヨーロッパ
HRV	クロアチア	ヨーロッパ
BIH	ボスニア・ヘルツェゴビナ	ヨーロッパ
SRB	セルビア	ヨーロッパ
MNE	モンテネグロ	ヨーロッパ
MKD	北マケドニア/きたマケドニア	ヨーロッパ
ALB	アルバニア	ヨーロッパ
GRC	ギリシャ	ヨーロッパ
BGR	ブルガリア	ヨーロッパ
ROU	ルーマニア	ヨーロッパ
MDA	モルドバ	ヨーロッパ
UKR	ウクライナ	ヨーロッパ
BLR	ベラルーシ	ヨーロッパ
RUS	ロシア/ロシア連邦	ヨーロッパ
DZA	アルジェリア	アフリカ
EGY	エジプト	アフリカ
LBY	リビア	アフリカ
MAR	モロッコ	アフリカ
TUN	チュニジア	アフリカ
SDN	スーダン	アフリカ
SSD	南スーダン/みなみスーダン	アフリカ
ETH	エチオピア	アフリカ
ERI	エリトリア	アフリカ
DJI	ジブチ	アフリカ
SOM	ソマリア	アフリカ
KEN	ケニア	アフリカ
UGA	ウガンダ	アフリカ
TZA	タンザニア	アフリカ
RWA	ルワンダ	アフリカ
BDI	ブルンジ	アフリカ
COD	コンゴ民主共和国	アフリカ
COG	コンゴ共和国	アフリカ
GAB	ガボン	アフリカ
GNQ	赤道ギニア/せきどうギニア	アフリカ
CMR	カメルーン	アフリカ
CAF	中央アフリカ/ちゅうおうアフリカ/中央アフリカ共和国	アフリカ
TCD	チャド	アフリカ
NGA	ナイジェリア	アフリカ
NER	ニジェール	アフリカ
MLI	マリ	アフリカ
BFA	ブルキナファソ	アフリカ
MRT	モーリタニア	アフリカ
SEN	セネガル	アフリカ
GMB	ガンビア	アフリカ
GNB	ギニアビサウ	アフリカ
GIN	ギニア	アフリカ
SLE	シエラレオネ	アフリカ
LBR	リベリア	アフリカ
CIV	コートジボワール	アフリカ
GHA	ガーナ	アフリカ
TGO	トーゴ	アフリカ
BEN	ベナン	アフリカ
CPV	カーボベルデ	アフリカ
STP	サントメ・プリンシペ	アフリカ
AGO	アンゴラ	アフリカ
ZMB	ザンビア	アフリカ
MWI	マラウイ	アフリカ
MOZ	モザンビーク	アフリカ
ZWE	ジンバブエ	アフリカ
BWA	ボツワナ	アフリカ
NAM	ナミビア	アフリカ
ZAF	南アフリカ/みなみアフリカ/南アフリカ共和国	アフリカ
LSO	レソト	アフリカ
SWZ	エスワティニ	アフリカ
MDG	マダガスカル	アフリカ
MUS	モーリシャス	アフリカ
SYC	セーシェル	アフリカ
COM	コモロ	アフリカ
CAN	カナダ	北中米
USA	アメリカ/アメリカ合衆国/米国	北中米
MEX	メキシコ	北中米
GTM	グアテマラ	北中米
BLZ	ベリーズ	北中米
HND	ホンジュラス	北中米
SLV	エルサルバドル	北中米
NIC	ニカラグア	北中米
CRI	コスタリカ	北中米
PAN	パナマ	北中米
CUB	キューバ	カリブ
JAM	ジャマイカ	カリブ
HTI	ハイチ	カリブ
DOM	ドミニカ共和国/ドミニカきょうわこく	カリブ
BHS	バハマ	カリブ
KNA	セントクリストファー・ネービス	カリブ
ATG	アンティグア・バーブーダ	カリブ
DMA	ドミニカ国/ドミニカこく	カリブ
LCA	セントルシア	カリブ
VCT	セントビンセント・グレナディーン/セントビンセント及びグレナディーン諸島	カリブ
BRB	バルバドス	カリブ
GRD	グレナダ	カリブ
TTO	トリニダード・トバゴ	カリブ
COL	コロンビア	南米
VEN	ベネズエラ	南米
GUY	ガイアナ	南米
SUR	スリナム	南米
ECU	エクアドル	南米
PER	ペルー	南米
BRA	ブラジル	南米
BOL	ボリビア	南米
PRY	パラグアイ	南米
CHL	チリ	南米
ARG	アルゼンチン	南米
URY	ウルグアイ	南米
AUS	オーストラリア	オセアニア
NZL	ニュージーランド	オセアニア
PNG	パプアニューギニア	オセアニア
SLB	ソロモン諸島/ソロモンしょとう	オセアニア
VUT	バヌアツ	オセアニア
FJI	フィジー	オセアニア
WSM	サモア	オセアニア
TON	トンガ	オセアニア
TUV	ツバル	オセアニア
KIR	キリバス	オセアニア
NRU	ナウル	オセアニア
MHL	マーシャル諸島/マーシャルしょとう	オセアニア
FSM	ミクロネシア連邦/ミクロネシア	オセアニア
PLW	パラオ	オセアニア
